media,varianza,curtosis,simetria,entropia,energia,PCA_1,PCA_2,PCA_3,PCA_4,PCA_5,clase
-0.4800283992691622,0.24148058076129023,-0.18374664457409562,0.9193204543010806,8.915809074516133,19.858509368,1.6273640060858572,1.3339526510066229,2.2727980558273195,0.2049789596381526,-0.47849130730644096,3
-0.26321220106951876,0.5698294190172352,2.4742570158233486,1.4033845276999684,8.801301664906251,93.83678134999998,6.892245602535273,10.79258663273636,-4.496297478328563,0.2611193222908941,3.2418730010379733,3
-0.6399821262032086,0.30928801173015247,0.5348532313009606,1.3449475107193118,8.932267372368013,20.0,-6.349394372936922,-0.6190259783456131,-0.1826604272649135,-0.09410170186520839,2.3148765055866,0
-0.6448627361853834,0.30591432234743204,0.40664252214554786,1.3289037121703469,8.960953486131322,20.0,-6.612091905874669,-0.8656367896784599,-1.591532767366279,0.07686714130678807,1.0279072744760365,0
-0.3907376840106952,0.22600055656523496,-0.611757043017449,0.6483785221385437,8.874380121951264,19.4639489535,3.718852426108201,-0.2824176984222886,1.7704328831715301,0.34023557533014226,-0.40760403462018746,3
-0.6429201153297683,0.2877231127718034,0.42818933684704596,1.3032517266029255,8.939382419143632,19.999760002000002,-5.911148620285124,-1.4631068692352291,-0.5367957306878459,-0.5338335052187952,0.6344126049216157,0
-0.2161371706060606,0.21357578221457899,-0.6167705651701363,0.28606581748531684,8.758446403369694,18.6832875452,9.212647361255433,0.4782025395744798,-1.1276270571489855,0.2592464667860721,0.5731878464759916,2
-0.3705813393939394,0.2145515656217064,-0.3498675079500222,0.6604588682862103,8.863622971352298,19.2490917706,5.146670990100406,-1.0461827352519906,1.5476619811250316,0.595165753211405,-0.750045698496481,1
-0.3917174907308378,0.2212206874354898,-0.4008565576086811,0.7315624943838848,8.911448860162881,19.006931856900003,3.9430162568001617,-0.9907094899427817,1.4992014469149817,0.8853997483545641,-0.6412985412853847,1
-0.4356048454545455,0.22624844754134837,-0.17049751843250904,0.8149604141407158,8.901277392504674,19.6241441859,3.577857672408454,1.9694042205976645,2.0497206337022584,-0.14004958480551277,-0.9271703113451195,3
-0.632498780053476,0.27688569832441884,0.6405221331753213,1.3131250815396507,8.89584963157446,19.9992400206,-4.915372299247585,0.7334642729375076,1.6209916651879785,-0.055545150005029686,1.4055772983386254,4
-0.6055568810160428,0.2696797389393334,0.2701925834663661,1.188642966769549,8.902241568100957,19.995960498800002,-3.756007974987469,-0.8874836588934351,1.3185773734794797,-0.4084891237574606,-0.09984206120572714,4
-0.642337670053476,0.2951959718576625,0.6049544921203265,1.356385437203965,8.944750168537826,19.9995200054,-5.784187735748066,-0.27895125553612754,-0.7663921101180806,-0.13184407572934997,-0.04824748136147039,0
-0.30032351622103387,0.21182268072730384,-0.5691445383924885,0.4544524380876161,8.820088841796103,18.9464494532,7.162161717591273,-0.08111316685968606,0.6981930801133842,1.2832846763529822,-0.3540470517679484,1
-0.38841598253119425,0.21373619872620692,-0.35972040936096805,0.7224958586250559,8.903548262350695,19.4302696172,4.263611782811863,-0.9165988263027182,1.385639754743579,0.27601374323042993,-0.9082139116178156,1
-0.2760635144385027,0.3046517338683261,0.20993102076251757,0.6997238397983899,8.830742971354113,29.983163214300003,6.950819996779556,6.292773741757446,-3.3703009154884778,-2.538496469666087,1.1010566363433378,3
-0.6532107684491979,0.2818312369670161,0.475902721374883,1.3134998183598618,8.920471576549929,19.9999800001,-6.291672977310009,-1.5186859317616035,-1.1234846355686292,-0.3700011946184829,0.6853214799343876,0
-0.4586647978609626,0.22612690261684892,-0.27795351956635406,0.8471170056221606,8.89731391936115,19.524964101200002,2.1021124973213112,0.1453652918178716,2.0939141139271538,-0.06250794411328497,-0.9099587967572693,1
-0.6345491554955437,0.28375265139255174,0.5248308274461202,1.2922686288887695,8.911859626975586,19.9996000048,-5.435247394969656,-1.2315039757427677,0.5470345645235728,-0.6937990280682378,1.6514924909535051,4
-0.2668928081996435,0.2064692686495348,-0.5734895912850075,0.3978926814106667,8.75910176329759,18.8232592846,7.310348075253238,-0.7487452676648878,-1.4172728536532295,-1.5114905987628955,-0.6789618698517261,2
-0.3794966849251337,0.21518522118937022,-0.22926909041577082,0.721863503811199,8.872064679265224,19.1693034328,4.779377058805635,-0.7931462724618444,0.3571200775935406,-1.0563516100813666,-0.8351232159829209,2
-0.6472942759358288,0.2967192184742925,0.58933914806684,1.3653892119663755,8.947626731017492,19.9996400034,-6.122068368849911,-1.2810247259074818,-1.3549643383105314,-0.2466910243596474,0.9375799730947945,0
-0.437761261942959,0.24201151043795036,-0.38549415640872553,0.781039064840615,8.879466152337042,19.3714943383,2.3088079822370258,1.4397274643688411,1.1068724413364563,2.1713460400248645,0.5764164293461704,3
-0.6473386436720142,0.28216264764209104,0.700655528432137,1.353168418166244,8.91430102763643,19.9996800038,-5.920136393936907,-0.5006810240824812,0.1435206887004794,0.03095692108538728,1.9229674865633752,4
-0.42935666221033875,0.239160727350154,-0.08780244580037966,0.8847048057492927,8.892523192624916,19.6328828969,2.906705249116081,-0.9793806807993088,1.4146584639675766,-1.1299616393919134,-0.6264592294889229,1
-0.16819390944741536,0.24726059840970455,-0.4891625028103084,0.30993285724300984,8.742785465495782,21.239846532999998,10.785411474646065,-1.8810430308494055,-2.96326300933932,-2.365571991764653,0.47044675294021965,2
-0.43882647344028525,0.22629482737447848,-0.3403419697320764,0.7707647386462654,8.886287582339847,19.405721468100005,2.824367995179278,0.382676655528714,2.236443304796742,-0.5532593923088731,-0.5253191355558557,1
-0.3651501349376114,0.22480635186140763,-0.4729222057412903,0.6398149574924058,8.878057585654831,19.1610850404,4.862383518157685,-1.1749676229984178,1.0355748455182274,0.25319169633384564,-0.40945631593721843,1
-0.6328446565062389,0.26772197385028296,0.5093577563037366,1.2746672047596108,8.906522700679108,19.9957204058,-4.632079438069914,-1.1642894883464763,1.0400987997111457,-0.46805745508372043,0.6275720799388449,4
-0.354570842513369,0.22954264768935997,-0.5573982248760934,0.6081079937197758,8.855823702018295,19.202771811799998,5.038348188109024,-1.7190508821985624,-0.4945860992513387,0.06336007130926324,-0.06848165148392416,1
-0.47118011836007123,0.23838247190014383,-0.28242240139080854,0.9006236188433496,8.930581057338594,19.6747758181,1.6220241103967474,1.045371093317577,1.2279505965837982,-0.04794530121999552,-0.41460327936033425,2
-0.5720634784313725,0.26406832654801987,-0.09971448645876269,1.0399625393421235,8.865867050612872,19.9952806952,-2.3082026172032695,-0.4762328695922262,1.7850953041032414,-1.4689809622437249,-0.28812341309569356,4
-0.6396867787522282,0.282312162127639,0.6657769362479895,1.3433359633753734,8.932571017820713,19.9996000054,-5.433752743502039,-1.3495739252479741,0.6972772432427181,-0.6241525298149306,0.8302602953659997,4
-0.4015492274509803,0.22182595377246767,-0.2629458058829952,0.7486286509127312,8.887624895179737,19.4279351944,4.473580541840835,0.9846408908764728,1.7087762705698726,0.6043327439125683,-0.23217125673085603,3
-0.39350695383244205,0.22412084232405172,-0.4390383200264356,0.7042995587898837,8.88829651465295,19.5233168765,3.532107950450298,-0.2684860107909427,-0.23517671521707761,-0.21119951840606577,-0.5433953359824397,2
-0.4669123190730838,0.24773599682156416,-0.27026610673728424,0.927845332996403,8.922839704379367,19.572941658800005,1.5435738616656955,-0.622675970422732,1.7394320459273906,-0.4492863403651235,-0.5691488405344878,2
-0.6419289140819965,0.3054724266227549,0.3948172735956508,1.3233027820873866,8.952861842101573,19.9998800006,-6.141696634201951,-1.6999602056635053,-1.3792484693410785,-0.2815330064823107,0.9636959777760385,0
-0.30185318003565065,0.21699218453630853,-0.5621566891108998,0.47009987105863577,8.789492134868773,18.683135145199998,6.7935987698718545,-0.8815120663588598,-0.3040965747781339,0.3929553410704463,0.6277425027477634,2
-0.6176999146167559,0.29931386279722055,1.2978075349107279,1.4708451139240717,8.943393913117815,22.121350190799998,-4.09491099461744,2.4210628139279757,0.3461919558722242,-0.7990382684241566,0.8937711329515112,0
-0.23230626652406414,0.20778717100265887,-0.6603786675422647,0.1968868955526903,8.706492458902904,18.798418213199998,9.183652503280337,-0.8479324226105722,-0.4335839233800849,0.6097304234726484,0.5585424588326886,2
-0.28893092522281644,0.2023941604800384,-0.40815936256709673,0.5442964966054663,8.79229507536991,18.1155847116,7.197331461236719,0.6342931629976727,0.15292321280920884,-0.5739300543347152,-0.6402589007582009,3
-0.6176787178253118,0.3205965526396874,0.47206341084686265,1.3030589095939344,8.919398716405261,20.17003729,-5.542339447582723,0.8071007897714675,1.0105649883516916,0.6206805912278712,1.0979631566718673,4
-0.38552951896613186,0.21708488786372623,-0.5920647077168653,0.5861466108481156,8.851043837507163,19.5011265235,4.21590892081846,0.14417429979484186,1.941281917958614,0.010045567098238894,-0.4964228723879034,3
-0.6234118483065954,0.29619140029361646,0.20270913998795947,1.2154429854692077,8.924157207533803,19.999480008,-5.516978960755273,-1.685152747760053,-0.5917615379822223,-0.6450159968478357,0.3359075425404576,0
-0.38258682055258464,0.22321875941039662,-0.35800309966701427,0.6900193483338438,8.873541640383694,19.5824654225,4.287742978807174,-0.671559005760805,0.8879300552213207,-0.06004440438110903,-0.3435254153827134,1
-0.5339684893048128,0.2565217829618429,-0.09039021367485178,0.9898262654800591,8.878192587344714,19.9607944728,-0.7330345441470634,0.8903210855052819,2.2720994561149492,1.6212321520510526,0.4605292979715463,4
-0.6485900896078433,0.2727320432680195,0.7534734349812902,1.3567655285630362,8.9222188624021,19.9993200096,-5.663062977016883,-0.34254050826519633,0.6417532298911723,-0.29121707268952113,1.2869840150691165,0
-0.3766870751158645,0.2196491182322635,-0.39299611809316337,0.6069212619915711,8.814781141724609,19.5492432614,4.896665162672003,-0.4466750949217114,0.816072152535634,-1.1322317564309912,-0.7058599028760313,2
-0.651289028342246,0.26648240776567733,0.7728795377728588,1.3528370745882667,8.914983162680752,19.999540007900002,-5.782545277015723,0.2569011980795266,-0.9061419391929562,0.5168650260434435,-1.0368649631141615,0
-0.41692722780748664,0.2302264145393055,-0.17179065207418542,0.8059558943397602,8.885459454712123,19.6710520258,3.661818433238805,0.6048812522077833,1.225171006443511,0.44341281196945226,0.034061246314231575,3
-0.639691891087344,0.2715472285651679,1.0375756524879112,1.440998776872906,8.949895953512076,19.9989200266,-4.431351454701366,0.04300575425529263,2.0383841453146943,-0.5676647827671677,0.938610033694437,4
-0.32996505365418893,0.2273194357719927,-0.5326058696451215,0.5480941670291617,8.812174274895334,18.8882806016,6.289009443510306,-0.23418249253745982,0.4490946805200151,1.84651227527417,0.7710941912396909,2
-0.6175113750445632,0.2593074774658779,0.4233362043755542,1.2188550400625568,8.895730010124465,19.9966403466,-3.7014426251181813,-0.3187840480324766,1.8530155336441645,-0.8876353506435861,0.11004062106699353,4
-0.6306922131372549,0.28876947225345756,0.31574213205446044,1.2640463282955392,8.934760182599513,19.9991400227,-5.211050579619942,-1.9509866292327387,-1.076822561586444,-0.4881243441327352,-0.597207903604174,0
-0.38113930160427806,0.2268785010526781,-0.4340919679451316,0.650752766775814,8.844264487746388,19.2812639693,4.529775210314242,-0.8575915345238769,0.09450351887950781,-1.6818427025749991,-0.904496642523297,2
-0.3636806868092691,0.22054715948819392,-0.28722663735879683,0.6404582530657242,8.829409893949485,19.4684976524,5.387652673726501,-0.7131822296616702,0.8110604700129116,1.6870922927633054,0.4601171595204001,2
-0.4113905320855615,0.23415703923555933,-0.45026052890301216,0.7372903915834985,8.913931142496999,19.754354439,3.655358543588566,0.616620757580556,1.7903400315283031,0.6648648039978271,-0.5043716437031593,3
-0.638377498627451,0.2910230548104479,0.6218223364556543,1.3424328797111327,8.932950879358042,19.9999400003,-5.622789649621206,-0.3358605048203446,0.8501135150606434,0.04243193668530276,1.6840025534394263,4
-0.35274433582887704,0.21442267021235276,-0.41072423181263673,0.5596681109744628,8.83640810127864,19.4901076305,5.485720242018518,-1.1712044857348527,1.3976714134466688,1.0553052419172475,0.6036936141584761,1
-0.640823779483066,0.28425626950117705,0.5350554071697253,1.3140272059114517,8.928405245619407,19.999240012,-5.69073552147311,-1.4835429749401685,-0.7658067059784388,-0.624722990005528,0.8728780001397145,0
-0.44825797613048124,0.23801954858813543,-0.266575073526238,0.8794602555568873,8.902543849734126,19.611276715400003,2.07404042387639,0.38405750510844294,0.9960321441698206,-0.08622053658975304,-0.03098920138216621,3
-0.6157355807486631,0.3001246404679019,0.2714308990704213,1.2619793564418516,8.937927154802072,20.0017612162,-4.445041064106642,-1.7453405336796557,0.10796202063551874,-0.6440323578565077,0.7183288159126491,4
-0.3880051912655972,0.23539538638338953,-0.43356984472235016,0.6633783013400727,8.880375635591928,19.5582191475,4.543490239027708,-0.28789762848248046,1.784263340813431,0.06431098842431648,-0.4447976187953453,1
-0.6134132877540107,0.2937869306719137,0.3105559299806506,1.226155812965305,8.911353270487549,19.9985000701,-4.57098532373983,-0.9442847716657805,0.09838423861110357,-0.5463667364394316,-0.47518845086580197,0
-0.3911630556149733,0.2232749696737321,-0.42251525999413,0.6729503824901876,8.866695144722799,19.794388410299998,4.4994970625464,0.9810440554357911,1.3916874629815528,0.07089823860511668,-0.7963707827748474,2
-0.6594179119429591,0.28703261271273844,0.6748271333061724,1.3834763411174353,8.938202710508072,20.0,-6.20678139533276,-1.6401365200626201,-0.8643749929762725,-0.6417866520699747,1.8252618147973783,0
-0.1880145037433155,0.21340650481630716,-0.562908154365855,0.2763831855608701,8.716373485659467,18.1808380652,9.3779124999513,-1.506128774601056,-1.7815515704272489,3.7964750010538086,2.1020114535617145,1
-0.5940774088057041,0.281177627978334,0.05638865634547763,1.1224259304939617,8.875474636544638,19.9950606201,-3.7446881126268146,-0.21993136012668213,0.9163660331220544,-0.5096422216199237,0.9480544177871597,0
-0.6330790859180034,0.2965250414382673,0.37390299777945835,1.2962738042623676,8.953112019337343,19.9991200216,-5.675751530976404,-1.8892424427389742,-0.9209568785255353,-0.6895437034898295,0.3148674516241705,0
-0.656945647593583,0.28525000884686474,0.8443830031675157,1.416123689836219,8.93276159151149,19.9999400003,-6.20206317969093,-0.6701284692040547,0.04025774607403232,-0.3808273710277503,2.0894855853424277,4
-0.6207423784313727,0.31033288459650027,0.4795314987962289,1.3279567998240456,8.953562833349956,19.998320085,-4.931048892490237,-1.8840146459369933,-0.2528255169060696,-1.1416454119394,0.7079522505274651,0
-0.3387409766488413,0.21065923277010187,-0.3892997276553243,0.6385199235757085,8.839808706232812,18.9626521978,5.718994484947844,-0.27935793518953056,0.21961685046126345,-0.9481683504486873,-0.7969468072351111,3
-0.375576985026738,0.21266067616739653,-0.319745996369611,0.7185295958067397,8.894207624741412,19.08878676,4.507927433503767,0.13511474309246752,0.7395143101474186,-0.43457380243180843,-0.689528574607656,3
-0.4389002486631017,0.22230636230679182,-0.304915361255754,0.768295153600853,8.878634747454491,19.6221747286,2.8012777255245194,-0.2438201014861674,2.293039340334646,-0.1910113595326064,-0.7880951470695445,1
-0.22920920178253118,0.1996285123688174,-0.6068740352284343,0.27549705287736254,8.742891050459587,18.8594102384,8.150861952398369,-2.6281895513411015,-2.179714607426007,2.0614506799842824,1.0679772120999138,1
-0.48654349841176464,0.24133354470675678,-0.10136967396130059,0.9610227024287523,8.917473256691633,19.7500833832,1.233327887860467,0.6478210670621518,2.0438744478418087,0.45844118471051165,-0.615164479265512,1
-0.42302943672014265,0.2230292394723321,-0.3122383594756024,0.7694414772736123,8.862256959384425,19.235066588500004,3.000893845484267,0.5612685729034954,0.6895502111720893,1.5225149623057999,0.20331757847887366,3
-0.3879086069518717,0.22688469886343954,-0.3901190989040644,0.6948393819921588,8.889013398815607,19.3955921318,4.422597284510031,1.7762400445127722,1.722991983297396,-0.2879776774190268,-0.808612671299721,3
-0.6548559032085561,0.28955414334193397,0.6127381655712352,1.3649438638652323,8.947506538930806,19.999960000199998,-6.325075418794368,-1.1752601061205643,-0.7113380772989961,-0.5281035359262694,2.171764643778314,0
-0.2937635879144385,0.20355923337102888,-0.49752873523225283,0.3872377528577039,8.726117976215791,18.8639074461,7.342494703461624,-0.9934999644476217,-0.19636818665198774,0.3446573670755744,0.6062479650893049,2
-0.23300600418894832,0.21344802416600775,-0.646228972995579,0.3073701184238451,8.751641126577843,18.7884210423,8.840148467335009,-2.5908455907632586,-1.5639921084295327,1.476453642764703,0.9869895760755709,1
-0.45654715953654185,0.2292402416125866,-0.2762172584056155,0.8634023186595149,8.9173236762044,19.4985374836,2.1700957375908327,0.2759775317082762,1.886558468720727,0.04721533091447361,-0.794421055353385,1
-0.3899493432085561,0.22435963380271723,-0.37343379643815844,0.7410658786954089,8.883474320094193,18.8093790826,3.8076351546867686,-0.8264468962270617,0.4703647891541616,1.3344574534715972,0.04760205666249617,3
-0.6002798779857397,0.2850299201777281,0.28270827003493393,1.2368209026593673,8.943729007316197,19.9817680788,-3.7996672737324637,1.194098786982476,-0.994724997855652,0.6809339824644403,-3.2848142893471106,0
-0.4295604099821747,0.22479043527157366,-0.3087312640683413,0.8183055733966021,8.905848538161639,19.3796099256,2.6580231581732274,-0.21354100550906585,1.6116407293962398,-0.3773522003116452,-1.0547214973677816,1
-0.32802333440285203,0.2151303709927967,-0.48083261369247987,0.542334203841791,8.828076434744796,19.1635549286,6.476635885025898,-0.4323649781889598,0.7434804127764556,0.5690460608718493,-0.042817563807420855,2
-0.24162894509803926,0.5399320954198525,4.219463660565663,1.7323526143922563,8.78179248364215,111.17876495,7.867776682506276,8.211219638454132,-3.319317996986502,-0.23475535522040358,3.6987643004649318,3
-0.2253929354723708,0.2266118771197305,-0.8320606097140124,0.2152690291151425,8.754144344853282,18.754152599,8.941038269098597,-2.7228108960383164,-1.7468205972941169,1.5367671106190606,0.32712173333217565,2
-0.6190723108734403,0.28371635886179164,0.2722143610117742,1.221576671975622,8.920340447266152,19.998140093099998,-4.684996369389394,-1.302417396655772,-0.3047062582907767,-0.49636388391222885,-0.02995927539987986,0
-0.6318576745098039,0.30350384731362473,0.37427516202319167,1.2735036332918668,8.907789027938977,19.9999400003,-5.941512663298637,0.4140251545920852,0.38938482374752326,0.25706465734298733,1.5153724520413112,0
-0.6015704299465241,0.29174070327002316,0.09317484974746737,1.1710927865325012,8.914684888697488,19.9995000119,-4.368603812113848,-0.6067394534147321,1.4249683860462978,0.6982551918858031,1.14827199658588,4
-0.6575857646702318,0.2853104964399311,0.65300265131195,1.3715664150605005,8.934149734537618,20.0,-6.24224589632915,-1.8970743117037585,-1.129454346643569,-0.7583075851073633,1.6233130306780492,0
-0.3135679860606061,0.2135638720345576,-0.4378694600298827,0.4747131210512677,8.765413187015385,19.405461940400002,7.054784758526648,-0.024657841008085102,-0.5744378204701688,-1.5015659810879027,-0.13594635038978597,2
-0.6125434702317291,0.311507498589351,0.27915839363358597,1.2695292870819317,8.946326969961445,19.996620217500002,-4.721840940053427,-2.085209762518437,-1.0354135438880627,-1.052235465603839,0.2105001759760161,0
-0.3803856569518717,0.2230333869115614,-0.4247087689963678,0.7018679008457425,8.891078392924083,19.054531432,5.040580981054262,1.4251130611593048,1.9664271380479068,-0.5647619014416834,-1.3469076810476388,3
-0.3376594060962567,0.21957637382580183,-0.3172739931687176,0.611911141792025,8.813696558980833,19.1452744889,5.597367178021737,-1.0260873532003916,-0.35855631657420073,0.09805754554816914,0.24891234679697471,2
-0.6353145916221034,0.2799980269743007,0.688518864002992,1.3360399464245512,8.923686170465036,19.998800038600002,-5.228033439039741,0.0018749497576963092,1.6893174666882782,-0.10241282544633767,1.070327916964208,4
-0.6456769985739751,0.27107948917627805,0.6828951675335775,1.3287752559422275,8.910653281158488,19.9998200009,-5.335365093403466,-1.0257595361034566,0.8702940575405886,-0.9461125341157288,1.5143325787502122,4
-0.6149259401069519,0.3032425115537034,0.35494576251161414,1.2594105956721413,8.92525686858573,19.999540007500002,-5.217040443286718,1.6375453498317913,-0.5518695038298915,0.7380054955180593,0.284389656046492,0
-0.606695926916221,0.30136007160080214,0.5568960032345704,1.3166000477776114,8.938719860352478,19.9981200842,-4.0393225183935115,1.451007011967819,2.3394578464475035,0.5863326572435583,0.08805397889465372,0
-0.6436987212121211,0.2944732562158775,0.40321260704849493,1.3066213832345897,8.951628395108223,20.0007801601,-6.2193647756586525,-1.2881189379481177,-1.1868079492447698,-0.25823001173790905,0.796438654881604,0
-0.6421061842959002,0.2841005718533164,0.40265706707372884,1.2942711451445192,8.941391176194763,19.999820001499998,-5.719660117770411,-0.7575757755896482,-1.4944591902890405,0.01190310874597067,-0.6875339250010166,0
-0.6529924755793226,0.29989418793426353,0.4982008544216514,1.3659411395940255,8.980443435619382,20.0,-6.576152163993919,-1.9865769294637656,-1.805223905317459,-0.4472445373023102,1.3455851681508182,0
-0.457730768627451,0.2528461394037062,-0.4028727607131075,0.8282194771699737,8.903248819899158,19.8609704898,1.953150263382664,-0.3090288361839898,2.8789659305010176,1.8916986250454637,0.030949298801778546,1
-0.40159136880570406,0.22547677582648654,-0.27694240803961767,0.7569949186680006,8.882525525188605,19.5630010197,4.915751248571556,0.9919238376736823,1.4273893515783191,-0.29114822442131816,-0.3923991128015045,3
-0.5975822905525847,0.281692703214877,0.611012042187868,1.2804474153716412,8.907121442247947,19.9937811411,-3.556956161077803,1.3137527190780727,1.9127530637821843,0.29723598295909004,0.718817197221018,4
-0.6092075753475935,0.28069426717793955,0.3567382646838815,1.2237908845872898,8.904526895027674,19.9992400158,-4.285233351165596,-0.1793771259223339,1.1372020894090618,-1.0170328676595548,1.2570540159235633,4
-0.3657716577540107,0.20395504419104316,-0.3843555950672175,0.6570705763334678,8.872289021419093,18.608847977000003,5.228069893117727,-0.4273514655484275,0.31535972007063595,-0.2662103219386913,-0.4517243558324282,2
-0.6269412393582888,0.28864463967723486,0.6645604523213193,1.3355632760158285,8.918464488582227,19.9987600464,-4.936740485149041,0.3788144772472437,1.1053685920179737,0.09665449574639284,1.4446499792148342,4
-0.6451741504456328,0.2980259913908052,0.3562070616120008,1.300915952913183,8.950541532650973,20.0,-6.320855126614367,-1.8072916368223524,-1.1174418135602808,-0.4350917491679902,0.9929090425873462,0
-0.4364304950267379,0.2542485363608041,-0.488823715052471,0.7562183450446323,8.877730275856464,19.8690736576,2.439772243802026,0.35605947251762826,2.1615744193287387,2.5295270204458102,-0.009411917475071974,1
-0.24186957196078432,0.2170438237316101,-0.6317515544418328,0.30837898276320475,8.741394822978137,18.9731451602,8.660999243551082,-1.237632290429165,-1.2156405188246575,0.6703044191179919,0.4922085410003485,1
-0.2623577944741533,0.24578291220809526,-0.5350303602623501,0.4291780864064169,8.757914650008507,20.212491531099996,7.927050621028355,-0.7984481885377829,-0.5346685195067549,0.133070518907217,-0.28275695756639263,3
-0.44038435294117645,0.23887971353106036,-0.26567309459596844,0.812796645899089,8.889632017745162,19.6584027998,2.8516133057599937,0.878342146649477,0.6668008953386213,-1.6134641268891543,-0.6042916885874086,2
-0.5707116868627451,0.2963574554930242,0.3813819346057916,1.2391479760478759,8.94131514538493,20.041605206,-2.838292223397069,2.093126527274907,2.360440187089379,0.7465970827862485,0.34429104895589524,0
-0.2649617921568627,0.22061540005363756,-0.7327629526290083,0.26042225356318927,8.767497567140207,19.425977144,7.7543245934826,-1.6372385331245183,-0.0180560016451512,-1.4149127316951646,0.4744125120304832,1
-0.437150764171123,0.22933572784408351,-0.42623125208465984,0.7561285597902359,8.85742230328017,19.7409814014,2.702348261311836,-0.6264904486371649,1.767892728014636,0.5639786909295474,-0.016634359641652496,1
-0.24494128573975046,0.3154393103240905,0.696689285378719,0.8620526385711816,8.818044591256237,36.6567809118,8.538828034120886,3.206047101556641,-1.010310102180405,-0.17158436632698892,1.2863986711329378,3
-0.6383494694830659,0.2905140569547635,0.5995837542167632,1.3382560895795144,8.93689965706682,19.999840001000003,-5.680000082304881,-1.3587426069339719,0.02418135732376303,-0.5356330709987289,0.9639760438959213,4
-0.6512912508734403,0.29631645581308536,0.7791127604769486,1.405000037282271,8.934995454580378,20.0,-6.200553418588479,-1.5039092539801802,-0.7095783340380803,-0.3765033369818358,1.8278784417032639,0
-0.5032596602495543,0.2623162739075853,-0.024930737693312555,1.054508404201206,8.95081073721886,19.7714570915,0.6636965107227155,1.080257151566009,2.529468944258154,-0.009705943372159798,-0.9663202081928162,3
-0.34499388486274507,0.22781748910283928,-0.3069677870748455,0.7131995952692216,8.865516609647937,18.885878008600002,5.1653791458788945,0.35302034720124964,0.31598102847425213,-0.8593346535827457,-0.6542287001700295,3
-0.6104989773618538,0.29860915938518806,0.6017242516605452,1.3093657613280374,8.914227811055948,19.9997400051,-4.688067785872496,1.287329880593469,2.0262441745968056,0.7443742213001463,1.4225914901325334,4
-0.3242021069518717,0.19944500255745753,-0.25806089504521657,0.6303548158670335,8.85229112397679,18.7358583753,5.992936840198945,0.36755105770412877,0.3488382372143075,0.2744725557531831,-0.24653372457353862,3
-0.5012936871657754,0.25646002564687764,0.13350911885215266,1.0630118662640589,8.928258660256745,19.8864576216,0.8447539429658377,1.9740908576044962,3.0795783453841103,0.004607816137383036,-0.47655014985014366,3
-0.6392635212834226,0.2630972493652899,0.8189882568659339,1.3553237951255097,8.90817682600941,19.9967402889,-4.618373057082575,0.4241293764580396,1.0414331764316174,0.3401187836302375,0.8068042124232295,4
-0.420118303547237,0.2329144336399646,-0.38732215986004315,0.7252695663610708,8.883958871916002,19.7217563716,3.5137609354313053,0.8551395566494144,1.939952951544587,1.0170209998198576,0.08862852526735576,1
-0.4217584062388592,0.2314105560319177,-0.307338067373665,0.8245291726129944,8.920041146679488,19.2602447452,3.4882570209618278,-0.5898949083465681,0.6516747093081205,-1.2022751151392943,-1.0835162943399739,2
-0.6525867605525847,0.2779310819470238,0.7867019408012061,1.3647233907183907,8.915595541191092,19.9999200004,-5.915429108410953,-0.60864163457296,0.3666499457375787,-0.45159565019765857,1.839274068699512,4
-0.43045747741532975,0.23858983243166645,-0.0739753659719935,0.8850534559532831,8.905249201098993,19.4912158473,3.581709337625113,1.6905596112037928,1.9702843792827283,-0.22652311107583012,-0.38784200225213605,3
-0.5991305069518716,0.30110026568605436,0.249885268196127,1.2187211739959196,8.928859358078725,20.180404175000003,-4.529159190959287,0.10366046188051325,-1.6688020617209567,1.0916045809294723,-3.1620857136914093,3
-0.402059798573975,0.22707377976613533,-0.37161767838629656,0.7123060271987185,8.88394534091175,19.5342401286,3.8297504524935313,-0.5299499036123198,1.8067645022685497,-0.73576422219455,-1.0871226846869562,1
-0.5437728341176471,0.2933792759073502,0.18902996322521215,1.148274452841863,8.928844497049159,20.1970942216,-2.284459493007178,1.6581932126103371,0.2615029358737644,0.012172053013592699,-0.1064447635749064,4
-0.4131269267379679,0.21460690086837644,-0.41083376632762914,0.7402538261052557,8.911737495196515,19.4517217795,3.596478831856599,-0.6593813461090986,1.1056291168620271,-0.6548536401683238,-0.7911698292472791,3
-0.6118738704099822,0.29816708584863955,0.47702500010422666,1.2818006400677355,8.915713466477762,20.143675677399997,-5.01128517543488,1.1389805517654343,-2.3049414727048516,0.8456784268466802,-2.663632259190133,3
-0.44335834474153296,0.2464614779147208,-0.20806344738341664,0.8560415442210112,8.901427972401681,19.7072459278,2.839674446258554,1.872680811648474,1.2329780228263445,-0.6232642108804076,-0.5868550409721884,2
-0.6378024373083778,0.29436239991447344,0.5613025291450224,1.3290491652632364,8.91953276500992,20.005207291,-5.520445420874385,-1.9494889284113066,-0.03993105036795175,-0.8379041010675947,1.6618670403152525,4
-0.6244583674866311,0.30041867531952643,0.3872253931362386,1.2670385869627754,8.913595178656594,19.9997200036,-5.513852543926891,0.8019329924551888,-0.10909529810134444,-0.10082073455072615,1.1697301788083696,4
-0.5812846905525847,0.2889063247595774,0.17819797663353754,1.1443196140722791,8.894531857868142,20.006127255799996,-3.2690701013484276,1.456968800774554,-0.09570994720589354,-1.1892946993712692,-0.14648974941714443,0
-0.24036631135472372,0.19725610214603295,-0.6876708843193606,0.24518870135867296,8.722720965967333,18.315296741899996,8.142140597196455,-2.361239054442364,-1.8593936920974405,3.0208880763655914,1.0930043166042496,1
-0.6456439262032085,0.29361820175315495,0.3962030990774479,1.3069063175452604,8.950691912291141,20.0,-6.26641282026357,-1.6571111142627233,-1.1589002191782045,-0.34008001961644707,0.9081309373171476,0
-0.38593429693404635,0.21589785085534874,-0.5362752724308515,0.644537847790364,8.877928447443223,19.327473697200002,4.113672761117157,-0.5751691424835629,1.1014165222382175,-0.9749872347110498,-1.1688551140519714,3
-0.2988810511586453,0.20282226313982116,-0.5133234350878895,0.46572563495402186,8.79546049521913,18.4601081271,6.894963857864502,-1.0224914716345679,0.15470453800272121,-0.7173090812140059,-0.44332220920164,3
-0.4335016000713013,0.22499795474195083,-0.2545996312626486,0.779832556788459,8.871355834145398,19.6766321715,3.4908893022674317,0.7492166187128304,1.7183733234383478,1.4807418739232692,0.21211657314646248,3
-0.6370194721925133,0.2926692834783523,0.3757542583733309,1.27751212973795,8.93034499437018,19.9999200004,-5.922328799054865,-0.6979638447007417,-0.12128095880801126,-0.2606977690559762,1.4445396150657142,4
-0.3073412423885918,0.22036930235184427,-0.5288990414763353,0.5106580369065189,8.821147758930337,19.2102631221,7.003076027438031,-0.9779486444426281,-0.06710974601684505,-0.45351383142463453,-0.3541887881576209,1
-0.3272434795008912,0.2160591382171088,-0.3212641368291975,0.6612174192650436,8.856465196325347,18.5991542247,6.020709583572491,-0.139860069808737,0.0728238707786737,-0.9704441514701876,-0.4463096208257282,2
-0.6516742171122994,0.290153425764638,0.6132110059402152,1.3501142005284492,8.922710443360382,20.0,-6.2120008151431865,-0.991575785134193,-0.10181112493098254,-0.558168076744538,2.054984442500042,0
-0.5768295304812834,0.29241268962371875,-0.007292148492978878,1.1130359991881449,8.901753716073278,19.9963804033,-3.2125210973491587,-1.446387147933787,1.2804243598105423,-0.7993542168293426,0.6187183768557667,4
-0.6135998345811051,0.2953916981090316,0.1300660181625588,1.191074729018778,8.91979744315951,19.9981200862,-5.0587812353275705,0.11038160856018087,-1.7504513044770036,0.18943525977945264,-1.5789555164112048,0
-0.5212544844919785,0.2626049948535185,-0.1828911719309163,0.9936252926639694,8.883005705856263,19.9083681741,-0.5570608146444993,1.2925004443414876,1.914708539199089,0.4503715549436771,0.1304097027957234,2
-0.2898988857397505,0.21794048829938448,-0.5283828136797544,0.4197578895429799,8.75079857476356,19.1301216415,7.353444242982951,-0.43781918436976763,-0.839746487327119,-1.2051336181065109,-0.15333892200704846,2
-0.6187352062388591,0.29310319664601575,0.4640207403807839,1.2771508906341218,8.92409250722844,20.261789028600003,-5.043889299663855,0.02459308987615061,-1.8316293862396416,0.39209595196745006,-3.068484730345748,3
-0.5864074935828878,0.2624754362937903,0.3685075495443062,1.2084256801613258,8.920441972870782,19.9894626879,-2.309290429531888,-0.22355382704930749,2.3913841126982724,-0.6697503070867059,-0.32464991886039374,4
-0.39502266431729055,0.23371195445798174,-0.42240754122586166,0.6972166344673199,8.867184567212211,19.5022357644,4.145869990872493,-0.4144781664154219,1.3028301215601665,0.6391615029992868,-0.09981725712552358,1
-0.3385950467023173,0.2132217368410688,-0.3891524247251499,0.6197797727815099,8.849482483996454,19.2494817019,5.544423257411252,-1.0560458813237044,0.08903062980127441,-1.0605966443720454,-0.9444290711151677,1
-0.6437395188770053,0.30597216058521054,0.43503685015177096,1.3347031789959365,8.957015267937447,20.01586241,-6.49850760258513,-0.5753478586865871,-2.1678448824802254,0.29882292025441437,0.188655086241307,0
-0.4367353157575758,0.2335813852389807,-0.29309218276370563,0.8262095363444302,8.902623593784545,19.5415133437,2.7685208879107,-0.06135429228844402,1.8503036437520741,0.24060476857521018,-0.04688324914348807,1
-0.36909123285204987,0.234780589871045,-0.5082194838355236,0.6146506478933021,8.841911120605962,19.284341745200003,4.635183688411085,1.0475969734058597,0.9884122658080781,2.2983157416955047,0.5579948716853818,3
-0.22900803618538323,0.21360702133374287,-0.7554631848859579,0.2932190082665913,8.785748484780505,18.4687942794,7.738517701134777,-2.6786553361779255,-1.4708248316862935,-0.6811005159031782,-0.4896107136241403,1
-0.4314701559714795,0.23055292524711435,-0.23674606739973703,0.8010507399146701,8.911087502600184,19.718044364900003,3.4078017947049677,1.7213560875269773,2.406429408737017,0.5273672108078555,-0.4498953928873568,3
-0.305348276114082,0.2348212818542487,-0.6564653971951779,0.5063662438071725,8.839243013999738,19.3067276663,5.868412143137841,-2.6934057439106187,0.21629560551778404,0.7962278393819806,0.44301439274608234,1
-0.4312399213012477,0.34278918813579906,0.508401762635279,0.9912733013593046,8.894147509703414,31.424435417000005,2.447829370570936,7.5071821092607,-1.586522009047199,-1.532641844117102,1.8251262663656749,0
-0.2727237905525847,0.2237296447449917,-0.6502307029717076,0.4146724795408819,8.810079306519542,18.8686329893,7.62574451735121,-0.2976130590234912,-0.7227457843433909,-2.8654024405283507,-0.4347694264424462,2
-0.3488537672370766,0.2185104899798592,-0.5493206711717442,0.5716606590894658,8.863131619712792,19.018864180399998,5.536525709480376,1.01023292240018,0.8274413109246597,-0.6739105490135269,-1.107629126870777,3
-0.6174038923351158,0.25976376414792385,0.7613655194928555,1.3254297244439872,8.933938566708274,19.998160067,-3.3715710939670593,0.8503393431190103,2.2531190888885373,-0.6727992178844695,0.15174809918684562,4
-0.4248027487700535,0.23106561607024453,-0.19095654264697348,0.8120795359401374,8.891417700519877,19.5642896066,3.931238763089498,1.8520268296298563,1.9536844068476684,-0.05941388619472354,-0.8019169108209943,3
-0.28391288258467023,0.2144455371102261,-0.451104685689121,0.41964438446564395,8.779488231997924,18.883113292,7.14556552016059,-1.9114670847219435,0.5452537855366577,0.48448296209949837,-0.2105797782851091,1
-0.44299611515151516,0.24155879982413186,-0.2880213004791492,0.8572374605571167,8.911231623943781,19.2692801864,2.3444910014841556,-0.349389226136097,1.238660271841451,-0.9025235712701396,-0.6235905464584388,1
-0.5626513228342246,0.2955245053689672,0.05756293834769277,1.141121530734439,8.927104115792346,19.992881339600004,-3.1954641838438125,2.5263883734648047,-1.419342582826343,0.8341998720812818,-2.9071767147155088,0
-0.4881562097504456,0.2348046420318941,-0.10864879975785424,0.9374939425363658,8.895984237380056,19.8023836516,0.7408293270246631,0.8744323062689685,1.9933006988033188,1.0061121971063391,0.09133992718996109,1
-0.45804650035650635,0.2283239703912398,-0.12199835926989655,0.8613825160863517,8.911580994857998,19.742779342099997,2.675382673205706,1.7953785118087389,2.185220495725879,0.5060276732230027,-0.7415827802016322,3
-0.5719197773975044,0.2842859109895027,0.4235604379001834,1.2093755573842748,8.925804774711851,19.9979801659,-3.0708585802365267,1.8991511656490427,1.6105580845063994,0.540107713158755,1.0536023602334577,0
-0.6392912289304813,0.29687111005811273,0.6305808983217656,1.336535748088925,8.923444836344515,19.9999000005,-6.129074155724309,-0.16179345036899995,0.11090760579590686,-0.08375669906857075,2.046082136589182,4
-0.31678957463101604,0.23108044426765095,-0.5281948879483429,0.4780286780053501,8.771206414073351,19.4905035765,6.93863230683578,0.9129065878184028,-0.4451270010442556,-1.8497405455786713,-0.01001386044336594,2
-0.3140948684135472,0.21807376977324405,-0.5748589749675812,0.527539051344154,8.840835352225703,19.0352958953,5.740616934015656,-2.189357255699225,-0.20756530008295826,0.271705459331373,0.5011784351863084,1
-0.4147563796791444,0.22946273873651904,-0.30214059032091356,0.7622871769614448,8.89092615463693,19.611002122600002,3.304382670280244,-0.581569921457968,1.194166080744277,-0.8629121006689542,-0.24482519939426362,1
-0.6341909135828877,0.31961706048846056,0.4485985064001974,1.3500504901290122,8.980895236630769,19.999900000700002,-5.98954108073654,-0.22071112944813587,-1.144322071658344,-0.1751121166650269,0.5693361496094633,0
-0.33958446809269155,0.2199002056280647,-0.4420668269041559,0.5990023616966209,8.838387355318527,19.087550313799998,5.867970711210213,-0.43834674853880795,-0.36398675892757115,-0.9104874948034118,-0.6941519475369138,2
-0.6421917756702318,0.27232703982052,0.741676328195501,1.3542497472015398,8.924536829450911,19.999760002000002,-5.259428716035197,0.5552289206792194,0.06917008307200412,0.06600010575645188,0.43286618762803974,0
-0.393977658627451,0.21791175973388985,-0.3721782718968063,0.7144941580818807,8.857390658838998,18.7331499911,3.8768744419284786,-0.03910614223639941,0.3354628400649169,1.906734245488225,0.29077633665178304,3
-0.6017340403921568,0.2893389437178541,0.28824902149139753,1.2100345579242218,8.898700692194133,19.9948605927,-3.983231704347329,-0.3965752028127312,1.7926205491748792,-0.11661300015530829,0.9277834175034647,4
-0.6414823780748663,0.2869451310477224,0.36042106909487925,1.281831167194073,8.922981708853824,19.9994600091,-5.882702646192815,-1.2911274354240718,-0.8365930600705243,-0.41051324935983846,0.2048576924046417,0
-0.6352668231194296,0.2889653159271976,0.7464566528615211,1.3813978052234868,8.945997635638268,20.061604361199997,-5.400033804550889,0.7611290805663438,0.35831689970917147,1.0487617944950904,-0.07368098365938924,0
-0.43599802038324414,0.22248290585350025,-0.3500714879445894,0.771164043135303,8.865053278413656,19.3591302134,2.9023812679160983,0.5010533608736063,1.042267685231895,-0.3611708379927845,0.17826083948139626,3
-0.6462070844919786,0.2965646963903619,0.5746757883658824,1.3589719406697107,8.9417039617007,19.9998800006,-6.037955336270471,-1.9561779666654187,-0.2821963224937978,-0.8650634964400057,1.0597210129870396,4
-0.2421578452762923,0.264093592243556,-0.5536330144321475,0.48018107926415454,8.825922245029018,21.440723501500003,7.85245880596964,-1.34822552785829,-1.7492983502509247,-4.628330405787681,-0.6355901287040677,1
-0.4908276376114082,0.2528246453553844,0.025856442171568794,1.0377712785340525,8.937219837032307,19.7445059641,1.3327885958405847,1.9850019227119304,2.5655330047924885,-0.6460611493472546,-0.7765386321569869,3
-0.6542750607843137,0.28087478831333723,0.5954582218067475,1.3493223350810473,8.943039354568093,19.9998800006,-6.149651179451961,-1.0068339914815974,-1.0106513145075855,-0.24740389725468992,1.3358509224923873,0
-0.3159944118360071,0.21699198352094032,-0.5825724255424083,0.4798268160300019,8.820063813588737,19.3538422671,5.7104972216487795,-1.830224723692425,-0.13498705905945219,-0.042076150808857626,0.24951076289500507,1
-0.22254726411764705,0.22360135656847965,-0.6293813507350245,0.3200772331313268,8.73379160124589,19.225982039600005,8.60451666890227,-2.9591826711580955,-1.7729665024476917,0.9586179092103686,0.7738341773653217,1
-0.4644932001782532,0.2348112858745991,-0.13440614351540425,0.9098109550876348,8.915071169605778,19.7681462996,2.149836809290802,1.3867728077198196,1.545896996674121,-0.4238449704847995,-0.4102712758864884,2
-0.3825061119429591,0.22085340665076406,-0.35306500965187615,0.7129841758427018,8.866129898866259,19.353289757899997,4.188540497705843,-0.8830943782169456,0.5246729351814494,-1.0996387467788957,-0.4121463314053735,3
-0.3297044916221033,0.215624525047942,-0.46486513822853137,0.5227126948906415,8.824474736367062,19.399294187000002,6.327979914252018,-1.1516639134117679,0.27091608176347304,-0.16443234081724434,-0.24551840123905344,2
-0.28328045347593583,0.2157411433415344,-0.6931109700368694,0.3716183059756875,8.78545899414657,18.670126446900003,7.002473456166324,-1.9103339796017589,-0.6744839179724531,0.06943671051332467,-0.06386743369972847,1
-0.41749854652406415,0.2580022869588028,-0.42436754766963736,0.7723465808753943,8.8987223265897,20.483680650900002,3.3973845743433113,-0.2924092849066936,1.7788341444108173,1.7833727155013317,-0.06076830118826604,1
-0.37649904672014256,0.21277139273015747,-0.3898075175965703,0.6754582153486396,8.86804414386841,18.7698624259,4.753151699817971,0.9503882337925678,1.5914661894717153,0.1461913316454293,-1.0964123306247988,3
-0.6428467668449198,0.2978946048123198,0.5902359860659421,1.3509441084059768,8.940305754927191,19.9997400017,-6.062424554106451,-1.213181196661536,-0.8103543055728437,-0.53129239926038,1.7535005452341725,4
-0.19667383672014263,0.2325322769076035,0.9477486803760482,0.5931475104819314,8.723749102942044,26.1399670908,9.630002189307971,-1.5442925274004105,-2.4600529271486993,3.9446549222680716,1.8663860816565323,1
-0.3068596392869875,0.2302834514568789,-0.4882466526630074,0.5282459155995296,8.801420601645434,19.4248273901,7.064362651357427,-1.3720840332358024,0.007459683503872938,1.5207057625030413,0.757516698466683,2
-0.4868982844919786,0.38730443473434367,-0.08222192131819073,1.0178899999610618,8.895064017324495,25.0840902403,-0.4501048427449508,8.378781267608215,-3.5265948694066465,-1.1388551017472999,0.9642225239592657,0
-0.3843799632620321,0.22388806234129327,-0.4225657009726773,0.6905622269992355,8.886023423750181,19.6402558099,4.748279755299551,1.2402305709186616,2.2821808093381364,-0.3128293052043909,-1.2590918831662947,3
-0.4895851928698753,0.2537225483816283,-0.2372362859582613,0.9395921056196284,8.915426326886067,19.7475249317,0.6460192263833839,0.40138156435708927,2.622827535705005,0.7445569114219799,-0.11349834066784603,1
-0.6468446336898396,0.29508464896661935,0.43711965430094857,1.3146541968987482,8.940712515360463,19.9999800001,-6.2199508314451375,-2.017259781240597,-0.8597546820342412,-0.7747330874208957,1.499950961996696,4
-0.38089643743315504,0.22556634939144354,-0.5662578687776838,0.6370394673457508,8.878080483845341,19.4195725302,4.4580255005339176,-1.1359325830711742,1.1777083196245872,1.6747521561557142,-0.5291167437377011,1
-0.6410492322638147,0.296856730281853,0.5863814654360793,1.3393581213130468,8.933816931035157,19.9998800006,-6.117358162037858,-0.41161058959241026,-0.49805489742526454,0.07014107002648218,1.9139442466753651,4
-0.4779620180819964,0.24560497248162888,-0.002090064083901222,0.9590487324879866,8.895438358067961,19.8009661011,1.0625651186728593,1.4023273807596546,1.3228351251451054,-0.05507968200759539,-0.010903287871232514,3
-0.6107734413547237,0.27718126611267746,0.2984942353349025,1.211708565116159,8.900499337854907,19.9989400347,-4.041634263000242,-0.738289239628705,1.6126503725482246,0.04406558530674065,0.7652653639866882,4
-0.3943012768270945,0.22214585870566478,-0.47694319054097667,0.6946155850670401,8.87095154881678,19.5507995007,3.784809398532417,-0.4086530639381734,0.8108762123705358,0.9759821519235756,0.3154447794159352,3
-0.45365117290552587,0.23670065443292734,0.0551380826861565,0.9685159294342353,8.938164582576785,19.6087309414,2.7216045277024996,1.9864725515028705,2.4857590517883352,0.1643793826824993,-0.7032356965465276,3
-0.3306287565062388,0.2106200416210505,-0.3049746146050798,0.5433097649220733,8.802044882301447,19.163445139399997,6.090192355480518,-0.1877911863809817,0.07478345757858129,0.11958337845077471,0.38672352791163367,1
-0.6415951994652406,0.29768321005917703,0.5830670318224351,1.3678139312572488,8.958975250907852,20.013807610199997,-5.960325121623244,-1.0545050947475507,-0.5288873847573781,0.26283451089208976,0.08953746318869515,0
-0.18224725739750444,0.5796741985850501,5.010252091112513,1.498085486625013,8.799211910296881,98.80830709,7.07341608388784,9.017633399511539,-4.14899104429529,5.259153738237375,2.548675627628655,3
-0.6338179104634581,0.2805682357588344,0.6957810969693803,1.345468467771527,8.923402977618943,19.9987000425,-5.093433155229681,0.0502449093922539,0.7388681824420029,0.2807936358807952,1.6285995927181764,4
-0.6353608956684492,0.288228794858034,0.3617795046355745,1.2563831907738152,8.911184348391696,19.9997400035,-5.641160982212954,-0.761029877332205,0.2947607714826592,-0.18131531357981023,1.515052303239669,0
-0.29411433743315507,0.23537743045928097,-0.8070014366659524,0.4243702403070695,8.833879154994271,19.0705655003,6.280089427522515,-3.20399948702641,-1.2370913642893626,-0.7738671205318441,-0.3196300433902255,3
-0.6524333176470589,0.2765049221555494,0.6241319381049681,1.3311782392165656,8.921062919708973,19.9999400003,-5.970865089617687,-0.8620493856023564,0.24641484928040214,-0.3260666698690926,1.6066625486529649,0
-0.23314888538502676,0.2086793648350907,-0.6918006191511501,0.18091227669655582,8.720675665201512,19.1124116021,8.338725030063623,-2.5499681540900445,-1.497776161147451,0.7082528360197942,0.625435667869725,1
-0.38030166520499104,0.2143978401202857,-0.3775862658335196,0.6795900414776339,8.870048011646064,19.3315725598,4.203815052743471,-0.2903583184983609,1.305602143987656,-1.3369597868767653,-0.2447723078452564,2
-0.6606245883422459,0.2755503956082262,0.919138433128551,1.4297442426472464,8.933055546996068,20.0,-6.050390330819509,-0.8284819646878239,0.0941838445368095,-0.3309864117672303,1.9665384905687637,4
-0.3657894790552585,0.21374946266890846,-0.3156992357731294,0.7101336083190657,8.862886954331072,19.1437730662,5.1246390948581855,-0.4149067366713242,0.45449397632349875,-1.0436350303346011,-0.9552648212117447,3
-0.2825565532976827,0.24055458573508876,-0.6492362067783684,0.42908896100128174,8.792465002176447,19.2553401839,7.883627036387845,-2.0709058103620523,-0.47751503594049716,1.6882328270686935,0.8493115140328886,2
-0.2903694320499109,0.21833492372634228,-0.6910061807324186,0.3871813968615641,8.796938830033618,19.046996727,7.264972834888724,-1.086715889702497,-1.0128438221777065,2.3033974857720696,0.6042949096766546,3
-0.3165461944741533,0.21288957418719223,-0.4890917556415637,0.5235056378400277,8.838270975054794,19.2678157317,6.4321542116629535,-1.8899210014279244,-0.33722921890771573,-0.9959274939772564,-0.9028037834296925,1
-0.41908020942959,0.22396765855962655,-0.21618995839651678,0.8016252937892356,8.881673070497449,19.4779964024,3.419221508691207,0.911472869061777,1.628170408956933,1.115722848317033,0.0840004740411826,3
-0.6200888951871657,0.2810166760596881,0.3844754959669987,1.233032603803206,8.906037209625595,19.9964602625,-4.699194749185212,-0.9292604550309139,1.3591051948559763,-0.5395359472846462,0.9750758465140488,4
-0.6431457394474153,0.29316373311178245,0.6654215414134037,1.3513800942244434,8.919183366095037,19.9999200004,-6.072300205207506,-0.756228925615769,-0.08034316656475937,-0.11352102897458893,2.1348169717037506,4
-0.26569744046345817,0.24142481153144052,-0.8485151088229621,0.3614413419421395,8.81978957031351,19.1420995417,7.7704431631340105,-1.567520957454809,-1.403875110760449,-3.0142967657533766,-0.9453444938504341,2
-0.44032859245989303,0.24186163317588036,-0.4891430857856478,0.8171286836649484,8.907296218947392,19.6422674132,1.973620065151282,-0.5006868142584937,1.401712927958478,-0.01730546009864531,-0.27607591775050566,1
-0.5777613445632798,0.29651988775949173,0.4322728185073892,1.237760661149737,8.942042218049753,19.9979401143,-2.986121282461843,3.580406156110403,1.5393649257337803,-0.1304390192813374,0.21859892958287142,0
-0.20909551087344028,0.19202035826626243,-0.5298739823991845,0.29244585685732966,8.708010323683794,18.2084318767,8.818746319868179,-2.554353048585283,-2.077570822077256,2.3759213679102302,1.3692467246108482,1
-0.4809337784313725,0.24480816094053554,-0.011817108006548338,0.9617770728625762,8.902175289293751,19.8950400971,1.473895864689057,1.0170421423223956,1.7634753946039377,-0.004202055265975613,0.10126312391667391,3
-0.4219972795008912,0.2172718825960009,-0.30575740217327985,0.7770982397629815,8.910542570858276,19.437421133300003,3.7510598740303793,-0.19787465403825,1.5778161489366065,-0.9098978685746455,-0.9379048031849841,3
-0.5412142737967914,0.26069844622295785,0.20406472779443385,1.1490095726986005,8.932871230435653,19.904794677,-0.3755302504683513,1.930220977966954,2.838254387709405,-0.2193536934707594,-0.7754275461407005,3
-0.3914131836007131,0.2246326885970554,-0.45453316265182764,0.6235110366039167,8.853111424122789,19.5806082051,4.845611736951694,0.27531927853662763,1.9289829689950961,0.9183489182763398,-0.009637936450161755,1
-0.6303094424242425,0.2939723428581293,0.3270791826451429,1.2570350002004107,8.923253104954314,19.9997400031,-5.393055763384176,-1.2862318632671386,-0.03739477620609932,-0.2628614770161204,1.0592517630806593,0
-0.14791144014795007,0.22225081309306638,-0.7839335372483105,0.12673788107528614,8.77358128968165,18.046236221000004,11.40649176120357,-1.2361690076427003,-2.9334186351487475,-1.1423838381815865,0.5194848781400541,2
-0.6311472012477718,0.2826324821228625,0.5222351228319555,1.2939087025199778,8.925251992451408,19.999260017700003,-5.253208408562392,-1.141959906613406,0.9096952222734904,-0.45725367395250327,1.5013136747778617,4
-0.2578636083957219,0.20244390651427235,-0.49447467624631747,0.4366644756490544,8.783195626845437,18.5033877296,7.552590557715598,-1.355533808064404,-1.435089960544624,2.6775559933520574,1.342430534995841,1
-0.44599153493761134,0.24984712329942643,-0.30050364504572613,0.8585395859707389,8.909593101138384,19.7068073532,1.7025328812566087,-0.3200392199206882,0.9463547332889579,0.015247699168705608,-0.07203288781476158,2
-0.40213460980392157,0.21876416055954917,-0.2352503799764767,0.7099533280536111,8.86880785270302,19.468726325600002,4.036590313447357,0.5810890384935914,1.6274137329406084,-0.3268171022799522,0.08304503472171487,1
-0.6359975734581106,0.27981573242064567,0.9051788894892852,1.3930145459907826,8.926742894918805,19.999380012499998,-5.033376880099473,0.728339365688812,1.833009939054862,0.12313643611734859,1.3310909135181443,4
-0.6589883823529411,0.2825816844845464,0.7891417716575564,1.403159871413204,8.954128461246487,20.0,-6.230763312416071,-1.3438953617749405,-0.263414376531494,-0.5617572140863296,1.956629813658158,0
-0.26512201568627447,0.22589264672143386,-0.7080452087072286,0.3463842630323443,8.778635318669043,18.6751801017,8.209892353508726,-0.6774845827237754,-1.3092360884988103,-1.8630827307551279,0.21785830130379202,2
-0.22672011390374333,0.3005053204578152,0.3385872404469419,0.7127243288751216,8.790204248882553,31.2230602249,9.230632584477743,5.795757048533479,-3.7017592591138255,-2.493135796270557,1.5633938069120168,2
-0.6260367156862745,0.2646971566907556,0.9956643598738881,1.404924668649404,8.926324460951363,19.9986200491,-3.848685066800721,1.778532642917622,2.6691497814841956,0.3620952143616294,0.7594699379094887,4
-0.6094436028520499,0.27598379753532176,0.7251020608146774,1.3318136166702919,8.944087382092746,19.9986800452,-3.4810242305580275,2.3613303497382994,1.562580818071936,-0.21113502156218233,0.5921043293154515,4
-0.39075350755258464,0.21889655804673752,-0.5576345852882052,0.6174438362254525,8.8625557151684,19.5242422959,4.068440709099699,-1.2046891221136538,1.5201297010851471,0.9688656841810837,-0.3620866803942404,1
-0.32234391153297687,0.21408658857175344,-0.4811818766612781,0.4852477886300898,8.775641683962842,19.6011372401,6.375765286870046,-0.37309050472529925,0.532990454121105,-1.0179341353678906,-0.4253797467005713,1
-0.34098589244206773,0.23675001872153506,-0.5004032320763163,0.5088704622821766,8.794459397137896,20.374380982399998,6.25888989037478,-0.966543229570429,0.5379739896652733,-1.0670491292837254,-0.21075895587673066,2
-0.6343748786096257,0.2690551017287763,0.7978443972412852,1.3487638152417223,8.91356298920316,19.9971601784,-4.6523689690997525,0.5872970870960554,1.9245860100625816,-0.2816332061673785,1.0911082797213907,4
-0.43143859732620315,0.24107453034107146,-0.4235216306570142,0.7560642807368729,8.863091232695899,19.5317456549,2.5339179269644996,0.8637430609438734,0.8451291767224802,1.3124911125488667,0.6741376749991963,3
-0.6452966351158645,0.28749298805887324,0.6175857209945659,1.3361206614755115,8.918043523113175,19.9998400008,-6.113103959617446,-0.035251677343466126,-0.4691065735525406,0.08533739430018938,1.3687311190794287,4
-0.5965961390374331,0.29342136066311,0.3494692514721298,1.2184308934244124,8.904416795864185,19.9984200701,-4.168422288679293,-0.033670113337228025,1.9454319093329513,0.4469395703103971,1.6443569046653668,4
-0.37248579696969697,0.24037398927632805,-0.5557458959661172,0.6856073901513805,8.879324249452024,19.1835759117,4.707493120241274,-1.0396080077096677,-0.02429110392414291,-2.7369208467770245,-0.619151812079829,2
-0.35464910836007135,0.20367398424862487,-0.424795858660151,0.6676040094469249,8.881067669046283,18.958270027799998,5.10808380195513,-0.6470380878601406,-0.18226596934713157,0.6964721274275334,-0.2619007702181857,3
-0.6072038694295899,0.26738687679086987,0.8004971687209173,1.3263910438524162,8.920636049560525,19.9905015567,-3.4800374267340324,0.6525815476189922,2.0931328808409972,-0.19720207411488522,0.9290335735684272,4
-0.36013328957219254,0.2255839852620371,-0.4468426256275566,0.6536565651617986,8.865073273775256,19.563762373,4.772044558961344,-0.1188616402763305,-0.8925737292091149,-0.8105491765203392,-0.2699651428804899,2
-0.3887762824955437,0.21125640996710351,-0.30640376150975746,0.6757945413231403,8.8487935647772,19.457372580700003,4.590095511599893,-1.3339260143773595,0.9084789370035695,-0.08613642320462223,-0.7135254723336495,2
-0.3909146967201427,0.22824791959830634,-0.5577032481566615,0.6706921791376955,8.897774789106506,19.3020532647,3.8801302097249177,-0.6168148867180433,0.7879744201800785,-0.854361392417768,-1.3506870583520867,2
-0.3587507227272728,0.21941135574778636,-0.3993986233745259,0.675077866859359,8.876452342245459,19.1377022637,4.829739577792007,-1.790838477925845,-0.2614594611334544,-0.8750997519336612,-0.15987886822721298,1
-0.6334211750445633,0.28934209729352206,0.3689746201456572,1.2575845751540502,8.913717312171837,19.9998200013,-5.739874673667968,-1.042805491127344,0.15308181020558465,-0.3437238891935923,1.5841183494940254,4
-0.4225815811586453,0.2298567242888854,-0.29504335518166336,0.763168700347443,8.870870288138546,19.566815645899997,3.7890428206676363,0.5865878999754697,0.8012966578874705,-1.4287458267350939,-0.8378164310045728,2
-0.2702811525846703,0.308460348919373,0.3866342661815394,0.684772873359991,8.833557976156403,31.9124864888,7.608318220061535,6.655278868552168,-2.014357590747192,-0.44365134550175656,1.1393879742251933,1
-0.6308496474153298,0.27403957194456985,0.3548487003371723,1.2434311228415398,8.918088808565862,19.999440007,-4.896432766941723,-0.9462721137842449,-0.14681303676078716,-0.8865766407300844,0.09292894074035041,0
-0.4180006424242424,0.23190683681166144,-0.2146678707401617,0.8124516049509234,8.895003741651914,19.5508185781,3.333447248169616,0.532090310245541,1.470215690628911,-0.2638670528787035,-0.4265412857247177,2
-0.6351523336898395,0.29957995377463364,0.34449653708559147,1.2771552178562582,8.924548091603162,19.9998600007,-5.874206327070308,-1.8044187587039275,-0.0854537337418293,-1.0004318073596363,1.5232456009826738,4
-0.6510824894830659,0.29060657122936373,0.5943726710497304,1.3489103838581955,8.930447046019092,19.999960000199998,-6.198586735075919,-1.6465026159366136,-0.5682413544046154,-0.4874621347810999,1.8956766935775187,0
-0.17859070918003564,0.29600434028292016,-0.4501052826976055,0.41985438494370214,8.797368933199108,25.770830837700004,10.703591961062036,5.527073245959592,-2.8703939472857636,1.2968647337064634,2.121967583170596,3
-0.44516498502673796,0.23347731725681742,-0.3714704176491712,0.8113424971671525,8.8961753603177,19.7127311715,2.4928984266943885,-0.34549493501918094,1.8543559832974843,-1.0265906270608842,-0.5324766825629725,2
-0.6326709563814618,0.28151268732957285,0.37941414928107964,1.2464921707283418,8.910081391266395,19.9991400217,-5.364767877215936,-1.1441769880862265,0.2589289396244183,-0.37758110813640444,1.2745927922622506,0
-0.39351310411764706,0.2395607111809356,-0.574196985409309,0.6793646502898635,8.85617209017035,19.6209236968,4.0166425092352505,-0.8162967422615258,0.7693641758073202,1.4953950288163886,0.2890653263809051,1
-0.3389387085561497,0.20511286428094305,-0.489689840584973,0.5632105825956099,8.839888243361242,18.7066768859,5.301970314010638,-0.7582420132913648,-0.44643663779773934,2.0013497423906244,0.5450334721651058,3
-0.3457306789661319,0.21777457890506163,-0.40665320946187844,0.5916904228331882,8.856431655470352,19.3253189599,6.087548029202266,0.3616295396628557,0.8151108493282582,-0.11386966471204785,-0.4129165264397223,3
-0.32198796950089126,0.2265281503196909,-0.6768595121816556,0.4781550077940881,8.835429712330178,19.265148366200002,6.2739023116353385,-1.4547007960689518,0.4926244542459006,-0.5275598195024238,-0.5197824131932303,1
-0.3445822531016043,0.1986304218870884,-0.4638107557859703,0.6183165431589267,8.851557929701872,18.663879429999998,5.5082963614466935,-0.7055132905693657,-0.05380033941352114,1.4296385294443423,-0.258707923200723,3
-0.37534437592869874,0.2073799390567762,-0.24888911690288618,0.7250293417198854,8.873050807589276,18.764267196200002,4.987141738228542,0.20795023857906592,1.0809043971082346,0.13239109795851034,-0.8400358780313566,3
-0.3395486249554368,0.20521152263703155,-0.3747456087546164,0.6027857238172973,8.850488788221096,18.8390777502,5.898963423875646,0.16137306278047348,1.3600145457938488,1.3694266708347216,-0.7138298612579954,3
-0.31488683778966137,0.20723805315328767,-0.29558590013197916,0.6140405956496165,8.819408679078267,18.7216900611,6.607834633958316,0.48982112376997344,-0.39741992793473724,-0.15998229159130783,-0.17393341921720817,2
-0.4475220991087344,0.24134685769599284,-0.4552176417380118,0.8053533027817922,8.905396467557544,19.7988276331,2.0177395265813054,-0.22093737413937875,0.5543886449598547,-0.7403417204744644,-0.23905253979743546,2
-0.5589362831550803,0.2494180506010185,0.15154081810655162,1.0761814619285524,8.89730776030215,19.9834274961,-1.5447364398952086,1.069633683958974,2.3333766449000084,0.496741283692518,0.10220256390520621,4
-0.656339620855615,0.2782393141736999,0.7393345928036097,1.3753287519925113,8.940328383632398,19.9997400021,-6.202234308744442,-0.4967718498289958,-0.7784849666841467,0.19130314315959707,0.7799241142196942,4
-0.5108709620320856,0.41713469381562074,1.108287764091406,1.260132770414253,8.892933457645812,41.58643102,-0.4154104201725364,7.4990106998665595,-4.034986268199182,-4.041063646037982,2.850372081675513,0
-0.18714432199643494,0.193128779202764,-0.26573995941067174,0.28129664340141725,8.70771396814255,19.5219524755,9.885733500466957,-1.1916712775133838,-1.5126801822016658,-0.3266373412293042,0.1466110307503452,2
-0.24008213529411762,0.26793515170519,0.2713995987548512,0.6915175289986077,8.770482299225897,27.2363540982,8.308984465347905,-1.5346087314556875,0.5609972523882973,1.9743835589020038,0.8803367900921242,1
-0.3332695028698752,0.2268903057878079,-0.5646333115849678,0.45451328749723624,8.779106983867738,19.585020584000002,6.372040179889922,-1.0172179935194663,0.7611401258675095,0.42474842621617004,0.2663767811603561,1
-0.4578941538324421,0.38684553143039935,0.6217217382876812,1.042431375345171,8.859303617312806,35.89872241,0.737285094785717,7.31501408636522,-4.462183605440333,-3.955177287428292,2.076146314173716,4
-0.4334234132798574,0.2267389887199507,-0.3268821776556128,0.8225628345118834,8.910160768758676,19.1730103911,2.5143364454848918,-0.19849866423831075,1.6782542676558485,-0.03449044793019507,-0.6886174377321483,1
-0.18357425401069516,0.21845010501125492,-0.7720257713402501,0.10485736029032697,8.742777793138313,18.4353344458,10.48102898526891,-1.7428346359793043,-1.799186681781885,-0.2885076689178647,0.43368633411740354,2
-0.37592638695187164,0.21866918363519638,-0.2489128270801908,0.7782130726456553,8.915316932700847,18.6903387206,4.490562693544845,0.2569997687486929,0.901904033539453,-0.05037392773598759,-1.1418424842810773,3
-0.43150732655971485,0.23879957992978465,-0.22222752750381236,0.8669695537800802,8.902188785720238,19.3858410711,2.5075817743921,-0.021567675273391096,0.810395631936931,1.3578490373896626,0.0038391928795726837,3
-0.35139149349376114,0.23693367895022058,-0.6018624126453549,0.5578711525887028,8.822499104348623,19.4960978208,5.434524900309097,-1.3619671879188613,1.1741026678978495,2.446754706260905,0.5675778551753219,1
-0.6182151680926916,0.2923606378438466,0.20732707908049397,1.2044607634228324,8.910340746280681,19.9994800062,-5.021099781656336,-1.678907492556446,-0.21523655948003917,-1.090464716185331,0.741378193537467,4
-0.2947097320855615,0.21659435146075426,-0.49837199024639167,0.5126226109866117,8.812536638291384,18.535691986200003,7.147184794420914,-0.04764045902289327,-0.5284803196488497,-1.4499172935807323,0.3111897845223208,2
-0.28237491497326206,0.2353147743583772,-0.7642782289632843,0.3490709783185386,8.7987763682108,19.6602582537,7.235684018088795,-1.4165426106527326,0.3210503351529086,-1.578847972470971,0.22744391867633418,1
-0.6161211831907308,0.2960245081598679,0.17463241452496714,1.2185970721306247,8.944789593573075,19.9991400213,-5.229245223876761,-1.237471609360353,-1.8531078092786952,-0.4048709057249611,-1.1803023203150802,0
-0.26353786081996433,0.21398165617825732,-0.5765437158705375,0.3705618104822353,8.765677545771563,19.252973088,7.811305222231756,-0.5916846509312111,-0.9725815214321507,-1.716599684588806,-0.5483423787183777,2
-0.4123379443137255,0.21841689414735763,-0.24383328244330915,0.759319759214675,8.877023309257794,19.5396970966,3.887741049094779,-0.38679714096832307,1.2988918444397637,-0.5676630804885998,-0.931592472386509,2
-0.269331662745098,0.20873073306389872,-0.672193457805677,0.38230204806186113,8.774889101699655,18.5061154288,7.209345332047255,-2.250436665146942,-1.393310054013722,3.172306019663144,1.04091016224207,1
-0.3610741237076649,0.21741665111057776,-0.400199115621906,0.5998348547719256,8.848433724938728,19.2139245027,5.125558638532649,-0.8195354044017182,0.8384363735774354,-0.174044311041599,-0.3662170662693971,1
-0.4210258832442068,0.2312428329744681,-0.3321005077866399,0.8006113219508182,8.902404429215796,19.426893391,3.404796303257111,-1.079884718537532,0.11741815601390204,-2.0147341855988556,-0.9480336339957798,2
-0.3102386632263815,0.19691848243386928,-0.5784531808377413,0.4689139874440505,8.80674322888472,18.9490817933,6.360368220871466,-0.767699037583149,-0.389062353533987,0.7185137050889445,0.043592140892022124,3
-0.647989756684492,0.29328515553536133,0.6257404088066556,1.3542111364254734,8.931744346553963,20.0,-6.089972811179502,-1.0922962444357749,-0.1045302424006449,-0.4148064086497123,1.927040203179848,0
-0.4942812664153298,0.24362136713619761,-0.18100246190960023,0.9596856912434383,8.907720489185918,19.7368023565,0.9767172443934964,-0.009355853294648164,1.7162322952951365,0.23441441123624385,0.1157819537061393,2
-0.40628287183600714,0.22986069243462218,-0.33432194323185715,0.7637264425890289,8.906933751283313,19.4249257378,3.755609630378636,-0.15730143682693687,1.2056798986189543,-0.9768633162885645,-0.8648132679531602,2
-0.3942011666666667,0.22862493923884297,-0.4172490881434041,0.7453694354237377,8.898897066849326,19.844056349000002,4.080560185552944,0.9214255254791259,1.5134905750850018,-0.609044878761924,-1.578456501484059,2
-0.6522591279857398,0.2807700660547718,0.5009442116201175,1.3243276480870612,8.94456197884868,19.999960000199998,-6.27809469630642,-1.2466595214561524,-1.6092615749209909,-0.29333252968963697,0.23869262881658826,0
-0.32900511889483064,0.20580971477314736,-0.47720074106808363,0.5245377298456552,8.818037732230518,19.1173749212,6.545543153886703,0.8542224853254732,0.5553644712422638,-0.043469988510592916,0.1263498527097051,2
-0.2966518686631016,0.21997321573044987,-0.5697304842932782,0.5067523380705773,8.799104524983676,18.4877726685,6.734135249834514,-0.4806447386138679,-0.6416514556952944,-1.712344945017207,-0.7065263421606656,2
-0.6249664945632799,0.2860893381285783,0.604673481224816,1.3119887037880087,8.913745137265753,19.9990600331,-4.739847969032688,0.9407939874847613,0.8833613383776848,0.25777025840327505,0.9836069053225496,0
-0.43143748342245986,0.23109936645007004,-0.28224775377854705,0.8447761813459327,8.919385612773654,19.5119237754,3.2336538140403324,-0.07834826906822545,1.4120476569707323,-1.0862624893105202,-1.2375510027709302,2
-0.44331470017825314,0.22856612589912859,-0.3018644753406927,0.817898475926788,8.892785127723531,19.543194455600002,2.63121585812903,-0.34880306245069315,1.5289235473045277,-0.6147588694347284,-0.6918121839385185,2
-0.6334337803921568,0.2782128558750903,0.6738872019521653,1.3124042495823949,8.886819830809477,19.9987600338,-5.024630089750302,0.5306234621882133,1.561779951164512,-0.08850605716264193,1.5334291106861995,4
-0.6116017833689841,0.2754205416924057,0.07753220617200984,1.1518592429789283,8.892417482461752,19.997960097,-4.175168904911914,-1.25402501196495,-0.30611650345414887,-0.7949238251206538,-0.5049511648172225,0
-0.6478724401069518,0.28314045147599826,0.6579818670485906,1.3498088121608873,8.926679205951576,19.9997400023,-6.2561245413694895,-0.02227145369137029,-1.3843416034807134,0.6538570436862923,-0.6170246396499721,0
-0.4947980096791444,0.2368093541493169,-0.034835104609397316,0.970088839408557,8.913522203573685,19.896041599,1.1968422715948943,1.242605266532114,1.9616032573669635,-1.22566294777083,-0.1704119616530233,3
-0.43581612406417114,0.26019177009918815,-0.35489405727331835,0.878470330837061,8.920996834796778,19.5440255579,1.9648145449915866,-1.4907572413393189,0.9670506609790639,-0.7376729651089433,-0.3967160953420594,1
-0.4794190504278075,0.2497592495003171,-0.1632214033203896,0.980406114263903,8.921706427258961,19.640687973000002,1.0498331123609699,0.611909047407815,0.9733954004906398,-0.3120399984826201,-0.0158594644420067,3
-0.3700463868092691,0.22575307823923554,-0.4986488571650787,0.6362791506811692,8.85048973991089,18.827951620700002,4.7402318999393085,0.02207743987966282,0.8176634812476689,2.277301402378545,0.4783656230553446,3
-0.6519777408199643,0.29411411413228566,0.524332862283353,1.3510980875274925,8.957356921945966,20.0,-6.55938293006154,-1.2231677121219646,-2.068234284728878,0.14856082139175353,0.25003437255031424,0
-0.2582872800178253,0.20920740878476116,-0.6234866968919262,0.3950947265995757,8.783025815636494,18.756101253199997,7.4026534486176505,-2.5794287971016088,-1.4167106884372815,0.46786284541739187,0.5814640623596636,1
-0.651759671426025,0.27694674162893673,0.5263190409217762,1.3161959603005084,8.923746537017102,19.9998000018,-6.000526244269677,-1.0885345705687421,-0.6625641216478231,-0.31176329418754767,0.5247344545257433,0
-0.4783077913368984,0.23759086099551022,-0.0842829604129558,0.9547119983533354,8.932577113268156,19.8620636419,1.9123713704375422,1.6394401833498078,2.2922106927853605,-0.2506220908745216,-0.97308753913946,3
-0.43628901247771834,0.23856702386146583,-0.2915871943135264,0.8494772447790827,8.923058193610427,19.6588491804,2.9311827694510955,0.24339628880923714,1.545657168116363,-0.9454968953223211,-1.4702154877630493,2
-0.06125134670231728,0.7112244260287451,2.8619577071260913,1.306540965193136,8.724234272029314,138.54492011000002,12.616041424201132,6.163944720244684,-4.499744516609813,11.864072674449169,5.765016295637049,2
-0.6398951719251337,0.27997910669653214,0.5569341159338035,1.3046388747437543,8.916453217948359,19.9996800028,-5.605877367029576,-0.049215121977961185,0.5978823959738992,0.1906323492014872,1.4128284626646836,4
-0.5463535065953655,0.25446635860708267,0.1995240273745913,1.1060686190541857,8.91660015013905,19.9859055675,-0.7064029529178164,1.4244628957290129,3.3744519209411123,0.12819012892805737,0.0021379695581609237,4
-0.4682039813814617,0.23370308892076244,-0.31861834290919333,0.8951403013526696,8.911365913761731,19.491774835999998,1.5087428090766881,-0.08960056100910296,1.0605520368047276,0.19939406873438714,-0.3305129518527632,1
-0.6374328285204991,0.3092323412710144,0.5009642783208843,1.3352660225660773,8.94297015078035,20.0,-6.279662357538312,-0.5692330022729538,-0.5724836582059183,0.17850434638299362,2.0831622584746916,4
-0.3490524681942959,0.22644149955928222,-0.6676383283787435,0.5277520908842017,8.845200264280125,19.277701682500002,5.083985394956784,-0.8884015501976109,0.9013818451451252,-1.2043897126836418,-0.9390388085185328,3
-0.28547819393939394,0.3164244296563979,0.44850213336066247,0.7884545695586775,8.86707379870962,33.394916291,7.319476971075842,4.75901792404106,-4.005008538748928,-2.5817018393174584,1.1451617302521901,2
-0.6393495524777184,0.2983709429222228,0.7517946610977639,1.373138121544879,8.91457667176508,20.0,-5.765894250485946,1.0189856248293554,-0.3163565145182954,-0.041286333152896315,1.3589125132563473,0
-0.31976561051693403,0.22499272085194943,-0.6330443639851215,0.4896029934471316,8.815042291211707,19.510282283200002,6.159264925239119,-1.0878843848207607,1.1340147111705692,1.9368110189127747,0.3946063563998685,1
-0.45629706327985736,0.2264201672874194,-0.14873186959723572,0.889537438129586,8.923270796375395,19.754724456799998,2.3221893678164793,1.1596770240871845,2.1569031123644677,0.38940879073472523,-1.6612171771994293,3
-0.6314033518003566,0.27737048392572095,0.7642422925742798,1.3482413326826208,8.917998300778578,19.9987800567,-4.79202677004543,0.6386078970241686,0.6987003919967512,-0.13718097223559456,0.8022607959476191,4
-0.34799954438502667,0.22501642238811786,-0.6208958551576167,0.5881125852101204,8.854383017641156,19.1237562058,5.446176699756082,0.47758692961135574,-0.1587838106035111,-1.6109406685258114,-0.9836785032655413,2
-0.632760346345811,0.2859522904124896,0.5863503203591485,1.3170628903167538,8.921081017067053,19.999700003500003,-5.337933272063333,-0.6429457589295744,1.587735518044373,-0.24491317353430064,1.4024012896300095,4
-0.43645403778966135,0.23633396196948958,-0.2086298928666186,0.830325923364147,8.89829758731194,19.7686985334,3.120806476559479,0.4990279332244989,0.7189087625963344,-0.5812482398053773,-0.3132045461554094,2
-0.32951926363636364,0.22168405253345275,-0.5426441794016394,0.5942770435202125,8.854484534803262,18.9185467912,6.200207890547692,0.8027307799918195,0.804635874638878,-1.5733483201532796,-1.1599602170562766,3
-0.44263217397504456,0.22862813214937364,-0.28686393870110694,0.8168719530169897,8.91296580486052,19.651221480799997,2.5148722148952523,-0.3737522965548231,2.196235938772359,-0.6768904125985524,-0.5794813121604545,1
-0.6211120662745099,0.2793837849962577,0.326457558035429,1.2222734059793643,8.904893583076667,19.9991800283,-4.740260519319898,-0.18246046967514185,0.8429521107907183,0.19728229242296313,0.5324004645728888,0
-0.43678344012477716,0.25314411278500804,0.07014750822391225,0.8988999145155295,8.889236540763779,21.4396466906,3.656444135093966,0.10068729279456656,1.9736576335249119,2.7434510555270464,0.04459903400813059,3
-0.38299005049910867,0.2167400516009473,-0.5771853265836473,0.5976202373803673,8.859110570063308,19.4335111456,4.517281321391457,-0.073126193473249,1.1999495521907892,-1.2507498973722386,-1.0341887005690797,3
-0.6342191859893049,0.2616239537550112,0.6782174526154496,1.3018523564807896,8.890352804157695,19.997020185700002,-4.437008546565037,-0.03148153009603649,1.3985089242693842,-0.06870441085896406,0.6706306886428142,0
-0.22045762067736185,0.21554109277923342,-0.5674558896061854,0.3058847004676404,8.696349405835589,18.698431612100002,8.938706669443233,-2.516284895452875,-1.6004699377877616,1.08905007469481,0.9415259183578268,1
-0.3282573905525847,0.2150238866276608,-0.5273204638030915,0.5227914007484132,8.80783779537169,19.092563815200002,5.815456604034897,-0.6484875346301441,0.5504765744176465,1.0423277007045442,-0.09788638451637355,2
-0.4857371266844919,0.23733745379531923,-0.016480956748714082,0.9881272271537958,8.941011971369992,19.7522929988,1.8775798546986309,1.9534548866738417,2.4819302034717694,-0.28774791208578954,-1.0770737210483967,3
-0.613647656684492,0.285151929022466,0.46753967223884896,1.2679142065820772,8.917260806714838,19.999840001000003,-4.52153001466146,-0.049917235768882406,1.1804401800294064,-0.9456989906732978,1.5272180078560087,4
-0.4342876571301248,0.21645423168456668,-0.31596797832970047,0.7755484797435378,8.873978268829578,19.5636587672,3.1752844619293246,-0.07353685014164346,1.3488261226344669,0.3301412371468353,0.1918084916481917,3
-0.6077705789661321,0.30440969045736593,0.4994859277027057,1.2983063082565571,8.935550404206976,19.9997200032,-4.78330832308378,1.882541269042922,1.3790338240770526,0.2617741833880567,1.4175431160150207,4
-0.6476661433155081,0.2944761821307195,0.4522162308987383,1.3138533529102945,8.92964572911075,20.0,-6.311815981781516,-1.4520816874297848,-1.4257506998672556,-0.44943393724314484,1.424751540947371,0
-0.5509726290552585,0.26807264844552053,0.06625960012949728,1.0670551611122743,8.896271055843918,19.9796293125,-1.63995081381381,1.6218074779713016,2.6316473353607677,0.06590380714006816,0.90361437494125,0
-0.4023672681639928,0.2263912210201459,-0.34604583706918346,0.7631381915512513,8.889225130412012,19.4556161573,3.899194785289982,-0.060616395096608655,1.5888326779094921,-0.4151760243244196,-0.9096786357822022,2
-0.4337175069518717,0.23830032621830013,-0.1673558393917225,0.8722649328553611,8.915000775616628,19.5681801867,3.0956233120981302,-0.20360994752212447,1.8273173855363405,-0.9281363701411931,-0.633069930007433,1
-0.6451741504456328,0.2980259913908052,0.3562070616120008,1.300915952913183,8.950541532650973,20.0,-6.320855126614367,-1.8072916368223524,-1.1174418135602808,-0.4350917491679902,0.9929090425873462,0
-0.6428164256684492,0.2852061119968865,0.5853865279511936,1.3339072250111272,8.925204211334854,19.9998600007,-5.520225739509151,-1.7679781613918557,0.15890695828481327,-0.7647681591705138,1.6317368400271677,4
-0.5304745939393939,0.25731046252686096,0.1129262144938501,1.0743134183939433,8.915984948388113,19.9290966694,-0.14765283145832164,1.3125556306227288,3.4790218094600114,0.9438938238291135,-0.10499705470801479,1
-0.6401248841354724,0.2877460846898371,0.5622073913482111,1.3205501776299693,8.923891953352761,19.999120021,-5.476617128968055,-1.2708825968313457,-0.009839024844716882,-0.5495401737672423,1.0982607921130878,0
-0.5997834992869876,0.302132982661628,0.2830513669224639,1.238204891371147,8.94394567802519,20.090296076599998,-4.290547781932499,-1.6875452176551455,-1.207166747194531,-0.8397682216116036,-1.1059207882525846,0
-0.6542822711229946,0.2993566728286624,0.5574431646565379,1.3773438829272262,8.970311684438109,20.00020001,-6.567898596869982,-1.7689767934979979,-1.6087482301011802,-0.36033248125271555,1.1958772004049505,0
-0.43692635008912656,0.22702366764883783,-0.49551160972146,0.7636421047086009,8.897501475029035,19.4995468351,2.604476520354801,-0.30239666449879865,1.5594091232319904,0.06584803345513768,-0.44463368441050855,1
-0.6407209814616756,0.300040523807569,0.4701572319194578,1.3195426736548292,8.937481283686665,19.999960000199998,-6.126537501342897,-1.8452850816394004,-0.8001956609465948,-0.7782578832923712,1.9927100350787006,0
-0.4464422301604278,0.2290997063897458,-0.29220108407858003,0.834119975364207,8.907615489708393,19.3307121671,2.5001227706254436,0.7155241811716126,1.8426089817244247,0.3237641532802811,-0.5394922320931779,3
-0.2624916663101604,0.32647524858158816,0.3302739483820498,0.6852429695466018,8.851595589914055,31.2497954049,7.857510300749674,-1.0154079757235974,-0.24203920413055613,7.290206882568883,1.898204722156341,3
-0.6062143721925134,0.2648761862175556,0.8803781115753888,1.381795001953396,8.9621176254856,19.9924010816,-2.8463182351561347,1.5230161018981412,2.9493629003377713,0.47184301466413503,0.2818529099178695,4
-0.2276046409982175,0.2017386671088751,-0.47931120599491184,0.3186904778998601,8.737650340822867,18.7670215468,8.981589707961275,-1.7669558741520293,-0.5326002673372265,1.2690876101634896,0.5945893242192744,1
-0.4007259695187166,0.207196211905254,-0.3055672377030163,0.7026482453928535,8.875561869276126,19.161515813,4.1473055281156395,-0.9516281642963785,1.7247550661080115,0.2474590582558469,-0.6782821945409812,1
-0.27689050203208554,0.22054413702976552,-0.585864222652881,0.3970229727396196,8.753277758521936,18.508032413699997,7.814428737902082,0.19068602860452444,-0.007836991970714635,0.18886921035504667,0.3279702266212523,3
-0.5754041399643494,0.27395140706991267,0.08860368289887077,1.1479638688727005,8.907980977234956,19.9756728009,-2.9899100729510746,1.1285433854185252,-0.8305269452764765,1.0764626616015944,-3.517115260563216,0
-0.4186165135650624,0.23138337448757632,-0.26626031361314695,0.8515710312832845,8.930474954432515,19.769195352100002,3.8481884411655676,1.0265070163928993,1.5674481520214893,-0.535211944735535,-1.677595848933007,2
-0.6504854700534759,0.2984195872726102,0.5555553738588546,1.3611906313123625,8.953899005570891,19.9998800006,-6.330168392744971,-1.855812087078999,-1.3924555081319312,-0.6122720417231973,1.3446255722350577,4
-0.5789265381461675,0.2872366184067731,0.19830826336943375,1.1704390563699618,8.922465839130808,19.9939409821,-3.033566130917894,-1.317270118068513,1.941120935153286,-0.37022502837410043,0.09382863297760746,0
-0.644294880748663,0.3106214853141473,0.5171567101336425,1.3485701524678704,8.944418572586558,20.00400072,-6.484281316681146,-1.8626300277005323,-0.7288480228832981,-0.7545001390134645,2.2130356276307652,4
-0.3730649404634581,0.2233127363455215,-0.5415783721974026,0.6747820809069683,8.899419547894341,19.1287610565,4.475204909581055,-0.644451606562205,0.5743971373083889,-0.1366389354380262,-0.7975734708838067,1
-0.627700156114082,0.2713188613586862,0.5218794450902142,1.261369771146171,8.901842607655365,19.998180078700003,-4.646322829106575,-0.930005043168658,1.204893393591031,-0.5369701224336532,0.5241983668917045,4
-0.6303287700534761,0.2756996738235337,0.6432877849535523,1.3150575311330852,8.911214248117766,19.998000092399998,-4.7017152743509225,-0.18197462224644312,1.6701523055046863,-0.2830457617406483,1.0618172391832938,0
-0.11854010659536544,0.5494274277498175,3.3214297124677934,1.2742522095566517,8.759433675732723,101.0105435,11.212290564104922,2.1704584416717947,-2.153252259563886,10.666458381180911,4.920824881453731,2
-0.6509366754010695,0.2851086291724982,0.5348252927287724,1.3207693122840307,8.918385397437174,19.9999800001,-6.179833213291781,-1.1670290205058498,-0.34669162362703254,-0.5552754335373584,1.8382920211540041,0
-0.42612299358288774,0.23686427282674838,-0.4699733102026249,0.7180867604664344,8.884108071399975,19.7547424976,3.6202704940248323,-0.20187989035970066,2.355681830226514,-0.9370666058563284,-0.9023629376583291,2
-0.3662135727807487,0.22484708227553513,-0.33538782488145635,0.7146280743844179,8.88473384101297,19.084960719499996,4.794001149364289,0.8417975736253274,0.6779002316426563,-0.4825875947292233,-0.5999100199094085,3
-0.6261938543672014,0.2727077481479352,0.3078546053386404,1.2279852947861296,8.917732567944475,19.9959203504,-4.532169246224251,-1.1251343851661826,0.05894565904186955,-0.48514195548268235,-0.460411541465348,0
-0.4737448600713013,0.23715401628604416,-0.11070594256923005,0.9399797534640912,8.928163796253427,19.7774150023,2.0383205901753474,2.154266638052776,2.4262619741288116,-0.4592946204809114,-0.9358027090670362,3
-0.4219645891265597,0.23130321626532052,-0.2744923997157471,0.8108000915101103,8.888688002935467,19.561673660100002,3.376134735614615,-0.12047078387810128,1.7958610347711037,-0.4989079133469807,-0.5900602566949049,2
-0.2766257362923351,0.22586393352869225,-0.6213075315267029,0.3546770178980179,8.754878000066833,19.0263980531,7.845219858823415,-1.3140828302468313,-0.21057051205327504,1.0553224839936062,1.0025011057092335,2
-0.5901293826024955,0.29193878421710073,-0.04665967058324272,1.1092358579108592,8.886532852792596,19.9946408422,-4.306595927645635,1.4984814938788142,-0.0717281796905862,0.6508442916820005,-1.7066355353260303,0
-0.588587916399287,0.2734572795364985,0.3058507321033779,1.2095392347719125,8.928910721673084,20.1737559185,-2.6296106261465884,-0.5029980091002436,2.0420466296861557,-0.7624460420073489,-0.6320961123803033,4
-0.5967068648841355,0.2858760733295357,0.35344403180520567,1.2142996391515555,8.906873059932241,19.9965402649,-3.75629761281529,0.9557978734866952,1.214075325663531,-0.39709676198864363,0.07476935891090064,0
-0.6447578523351158,0.2740606514481707,0.5245488663667492,1.3002227413427712,8.929535452032622,19.9995000071,-5.746476952526622,-0.5579890442916079,-0.48091469258994657,0.10763406547158838,0.12162698977001263,0
-0.6166481158467023,0.2859112692957747,0.3972324029701264,1.2541538697901806,8.905863340110407,19.998040135,-4.25510542426532,0.26687043768274044,1.0456613457754074,-0.18926110728923762,0.44020986770089143,0
-0.2604892555614973,0.22379924618339794,-0.7147741658806415,0.35882202516279277,8.775403164090179,18.085635383299998,7.794847854117249,0.3579667625489429,-0.13385234032537063,3.655833907806119,1.3471775581889849,3
-0.29116422976827094,0.2080703231298515,-0.7956977614942136,0.32997932624131027,8.804865648716829,19.2373516086,7.0203567355803,-1.5093605364854463,-1.4867139223644532,1.254511522808353,0.22901984411454746,2
-0.6374328285204991,0.3092323412710144,0.5009642783208843,1.3352660225660773,8.94297015078035,20.0,-6.279662357538312,-0.5692330022729538,-0.5724836582059183,0.17850434638299362,2.0831622584746916,4
-0.40103588680926916,0.22061477623391557,-0.3939910735783312,0.7529430228979007,8.923060135588987,19.189210862299998,4.067499105393949,-0.15533834242851396,1.2029233774841614,0.19405035397621928,-0.7625532834214994,2
-0.6489933098039216,0.2810359412830385,0.561819447348296,1.3196486782783101,8.919427509157869,19.9999000005,-5.977189552376766,-0.45599924660681423,0.5392155795045053,-0.3723410740087103,1.9668698710940835,4
-0.6559533991087344,0.28523245895815,0.6329643449412345,1.3740653263190252,8.95254914030129,19.9998400008,-6.195541690379775,-1.7137113700294795,-1.0975967617938744,-0.5731049915741422,1.6170318562814894,4
-0.4659221696969697,0.24285047841417498,-0.1871203931669605,0.9016456812355685,8.905659206373773,19.72477836,1.64298079707768,0.3591281695892763,1.589882273527917,1.594601252660598,0.09665051429079319,3
-0.2541390238502674,0.20678454456221454,-0.61326192707129,0.2752884475205847,8.711757426005606,18.6968337514,8.761186656522376,-1.2816329255845362,-0.8120897559912104,-0.21461921541029705,-0.03243092767098088,2
-0.4797944413547237,0.2362571356803406,-0.1767345853631883,0.8982274210777486,8.876758692244259,19.8944121097,1.4434107599736077,1.234184390279291,2.09144842116833,0.04961333918626032,-0.19670584770581212,3
-0.4487108593582888,0.23472407037883483,-0.22369403775874286,0.9050064612367223,8.948863963440399,19.435378816500002,2.9879430197554555,0.6639298746941713,1.8421907591477567,-0.5989912683805696,-1.0683258614678859,2
-0.32836659992869877,0.20556529041920676,-0.4694801658743928,0.5403385711583178,8.834658755830336,19.0791510553,5.924345804560538,-1.5739726391428754,-0.8802003979607269,0.9253380233840713,0.23511447452864132,3
-0.6523536664884135,0.2585916263334171,1.0197149140913666,1.4287609324423414,8.940684700113874,19.9995600048,-4.943525438344386,-0.11775565901332607,1.6706032280081091,-0.5536291813640362,1.2188767697153442,4
-0.386083549197861,0.21679411739643817,-0.41897649064075937,0.6547814214814267,8.860808644091026,19.1911314564,4.538023709893649,0.8495446767916182,1.3975455772891685,-0.5296071983320574,-0.3409710737590428,3
-0.6390639456327986,0.26876523872458064,0.6170272407821682,1.3113198763216845,8.912922689185471,19.9989000407,-5.189132021372561,-0.26650774570292346,0.808959781965668,-0.10184531771199934,0.3852924233710311,0
-0.6049559921568628,0.26334681294117246,0.6487854564009381,1.27207299470025,8.904903761493888,19.996400256,-3.416940599877112,0.33240800037357476,2.3563220117078423,-0.7353037147007133,0.44688750650555886,4
-0.39396098217468806,0.22102119642085696,-0.46033655890072955,0.6681557263807724,8.85879567462612,19.4669590337,4.2570435303445535,-0.18628281663695467,1.516449482917361,-0.6659814594077078,-0.4524715144345397,2
-0.24976489126559717,0.2146163343778288,-0.8731191819848609,0.2699194915614067,8.786124971735592,18.826095875300002,7.483501204093205,-2.517534947801221,-2.002960970216899,-0.9720975142732953,-0.408307123551402,3
-0.4025610316221034,0.2589099923191825,-0.08113963902154309,0.8233243812879232,8.89270738037602,22.3156422757,3.8970117685071424,0.19250054276301176,2.10881971280204,2.1020762635087,-0.030312892092941857,1
-0.2229443219828877,0.2134903033065527,-0.5186371715990621,0.32260746376594746,8.757763693079038,19.465189384,8.915697263456217,-1.3887034591555296,-1.2496562998095397,1.2226771975597794,0.40761545118113096,2
-0.649181755258467,0.29036389895373527,0.6231107651620205,1.3586635200294392,8.939238241628832,20.006769160199998,-6.1662092443814185,-0.6322014731775641,-0.9677390450730678,0.09903208708852063,0.9911543347827177,4
-0.1227095920677362,0.24474051315741346,-0.7822126121267474,0.16714936263617275,8.770031760441881,19.4818091196,12.068196858201883,-1.9220973718476693,-3.0012867406465387,-0.8581208961219624,0.8006952261165599,2
-0.6373539096256685,0.2723758134879318,0.8312125295440929,1.3735352014636795,8.941495772353061,19.998420053300002,-4.784214779055107,0.6366515612409205,2.287574093712726,-0.36417405454839,0.9240759863487322,4
-0.1553605992869875,0.2299172324045026,0.24600728821771467,0.4591462463991125,8.736617468577832,25.210919808,10.216783343459122,-2.8022276964030657,-3.289215820220254,-0.48066751054611734,0.5584050701611076,2
-0.2803916590552584,0.21062264263381814,-0.47915326570652894,0.4204746920111327,8.770592718680621,19.0999293301,7.172426824194931,-1.6495333796302911,-0.48077824160701077,-0.19045399796382112,-0.3873679567309789,1
-0.6229824274509804,0.2931358707388833,0.550726235868602,1.3152742667318367,8.938759249482153,19.9992600183,-5.301979969214754,1.463868976335832,0.9124101628185244,1.0229209786799538,-0.07582198575916466,0
-0.2599169623885918,0.24429304869501867,-0.7954902810235924,0.3492877178893664,8.791504931535291,19.3539222199,8.313964693116542,0.41828118364522293,-2.0351651562355526,-3.634115910823382,-0.008531492546201891,2
-0.6499335543672013,0.2930330912298407,0.5059203802611956,1.3349010393394796,8.934338141411347,19.9999200004,-6.264464288726883,-1.1664099076566905,-0.710866766009441,-0.3782887927316727,1.8949349798332253,0
-0.4109939215686275,0.24072763294163044,-0.3344027712254367,0.7998108250241371,8.903099302189858,19.539453124700003,3.507761793172298,0.10895768510335202,0.9841440564991011,-1.5816037792299178,-1.3338274502774718,2
-0.4085119804812834,0.22095197280270337,-0.3416583012538199,0.7320398797660875,8.882074166122834,19.3729132606,3.7941687838914717,-0.2624129611762207,2.5390325498020516,-0.14064678780795248,-0.8960780564101027,1
-0.2502908090909091,0.2056052957205288,-0.6217256975312235,0.31157897374393334,8.739387284683282,18.7587406615,8.14997107288405,-2.261410406391625,-1.2171176612118355,0.4728250095523463,0.5245639408775393,1
-0.21330886399286988,0.19190438833612203,-0.5969606543660633,0.2758791037499711,8.751317089655473,18.511154975100002,9.08217377482271,-2.261651765663725,-1.0016191403144052,0.89632852275964,-0.22206262166029034,2
-0.6412190614973262,0.32101786309037544,0.3860081908209123,1.3365427981484805,8.957844176927491,20.0,-6.422284916305864,-2.2740300515156124,-1.5002439329408812,-0.8487809693591104,2.2576869311460346,0
-0.6214744908199643,0.2777060716176236,0.33290287862676493,1.2325209325627733,8.934206083439378,19.9980201071,-4.6188457768122415,-1.0750145858419593,0.41431742145030004,-0.6226471697718794,0.17514068715804076,0
-0.386729804456328,0.22333314122992665,-0.37766551436580365,0.7271783668891351,8.876627852034392,19.009510269,4.366416320608285,-0.11677560483815408,1.1202263822884824,-0.005516218492509051,-0.7050318777137281,2
-0.42277161479500897,0.22161083487248978,-0.2949900263483225,0.7421311074494858,8.873012641660942,19.7456692843,3.595382621384683,0.5751872624048917,1.6301477992788573,0.7891712317693287,0.17933640520333727,3
-0.42540850591800355,0.23067930780685583,-0.2459743600064881,0.8262894843935565,8.892107452449007,19.538047336600002,2.682040831925945,0.20450443978437272,1.5160302989992598,0.5643328018159073,-0.46833123863687454,1
-0.3249484265597148,0.20357073931337927,-0.3396512610470497,0.5661184315780851,8.837036748034357,19.1543485113,6.162620400196905,-1.663528842244041,0.5399873669012969,-0.8062689148991913,-0.5758241889331253,1
-0.402429159714795,0.21035347437336543,-0.4616416995260173,0.6579354275564875,8.864065634406797,19.3396698803,3.854378674204419,0.11010203300837318,1.1793647332431298,-0.9032167123149146,-0.698601381902922,3
-0.2456118524064171,0.21311500174871786,-0.661368001037959,0.33350249038189905,8.796948833938714,19.0953316758,7.464869541730113,-3.0493377263875527,-1.6682716994123643,-1.1467748309422356,-0.4417250477467747,1
-0.6257702067736185,0.29001312719541533,0.5082584066315126,1.307383293925795,8.938137138764578,19.9975801359,-4.930214139175908,-0.8898345554802958,1.2100425775508654,-0.3387984905696668,1.0281827990865409,4
-0.6475591816399288,0.2907796139363448,0.5156111941758463,1.3212173907863165,8.918078120611101,20.007408109999997,-6.297226958568919,0.18060593616167342,-0.7175658489305752,0.4535392138128629,1.2121480112105318,4
-0.6341675579322639,0.2743714111082901,0.47924067995540565,1.2651366985708117,8.90198430091354,19.9996200059,-5.133317329786223,-0.3230212937747473,0.9313232940420146,-0.24934527605262513,0.992810770449891,4
-0.6021875481996435,0.3162103799676579,1.038553135252875,1.394932600079216,8.92258279489197,22.773118220500002,-4.236338746496491,3.0533075094668494,0.2084875916849116,-0.693236213423166,0.833101260394042,0
-0.6575708278074867,0.2867107697648439,0.665069089973684,1.388630232949808,8.951029932799317,19.9999800001,-6.392503520301608,-1.4383396294963327,-1.2482389842715458,-0.29443569755410914,1.1768727757234965,0
-0.424995354688057,0.23175366440263573,-0.41360638113520976,0.7340293279746535,8.894766526730614,19.6989617316,3.5252941305887244,-0.9125095997639515,1.915570523681076,-0.267625179434392,-0.488585439757798,1
-0.4099331915329768,0.23079547634870481,-0.29814707314764677,0.7889344682788378,8.904086125296924,19.301683821700003,3.685135527122122,-0.6183626491671625,1.2395105028521547,-1.591900939143558,-0.9401655430352094,1
-0.3965546878787879,0.2351750519582349,-0.236583456833789,0.8015720945107132,8.89628464665368,19.5023396459,4.027456253956267,0.7739026755048217,1.37425989831209,-1.0707878312014758,-0.8526448497470762,2
-0.6392883030659536,0.2674104818574767,0.9335156689174688,1.38857741791764,8.917728071497212,19.9993400179,-4.763301378677218,0.8380802310048288,2.2463949443153837,-0.08934313362319024,1.0332101120090127,4
-0.4607842086274509,0.24364159866365914,-0.04579480735270147,0.9154469936095074,8.900102539419247,19.785820580699998,1.7975242512620095,1.3367860179016482,1.5753590166478872,1.3608155636948513,0.8713318572838253,3
-0.6333094782531195,0.29923800967697384,0.39515399696831643,1.2814461525335281,8.918859839703117,19.9995000069,-5.918478546360687,-0.5721815446189868,-0.10433941264811875,0.15871999848547658,1.8823543658233959,4
-0.6484670466666667,0.2972191932712548,0.3467798866765266,1.302864129405471,8.939095185988243,20.009004469999997,-6.416340492397586,-1.732694292096591,-1.1094308135053108,-0.4019935251350879,1.0080612461184564,0
-0.638662313885918,0.28964434348667645,0.43504179733942516,1.29533144982242,8.930701256756937,19.9996600049,-5.605553304933968,-1.4204389207711556,-0.38447298886080894,-0.5391634238155674,1.2070276027492828,4
-0.2170935598930481,0.24012581712233555,-0.7808062326430671,0.28862234583664276,8.788381588822968,19.2194932945,9.345421932519203,-1.1813677122609687,-1.509569128411096,-3.115187916899574,-0.1290548220964578,2
-0.6390435584670231,0.3042285223112127,0.4682774907836875,1.3256090167160566,8.941293449564975,19.9998000018,-6.065972821700845,-0.032682302962085186,-0.9710805058133598,-0.007575449979921434,1.2841809354877625,4
-0.3267265345811052,0.21975210782736707,-0.48970904565453033,0.5541026828333564,8.81048887414309,18.9825238327,6.490096059434933,-1.174308507445462,-0.06904711425507237,0.8232543125417671,0.3882563631573521,2
-0.5457782041354724,0.28678674494044337,0.06795926897344318,1.0971355518540875,8.897583579851961,19.9867847983,-2.0282903963762937,2.5227515549907853,2.7035639337036432,0.7276028702634949,0.8227548474394537,4
-0.35760264723707663,0.20640985528718025,-0.34471368514696454,0.6027743710578047,8.838694102048592,19.2251632339,5.423691891125254,-0.7034611413858571,0.6118761139472992,-1.398670683993998,-0.2723485177345373,2
-0.36732597664884137,0.22643250557962613,-0.4248727722081642,0.6422682336191543,8.830867347871573,19.277493765499997,4.424850675021484,0.022290996465466728,0.13189944047456947,1.650427368318129,0.5017697348239565,3
-0.6574595898395722,0.2951263410693846,0.7672149644532391,1.4263253879540883,8.9636629368563,20.0,-6.376684191112721,-1.6480874525340428,-1.2342439908976361,-0.6685388836979147,1.9615417954572116,0
-0.6152443720142603,0.29884190069442407,0.17531457541168605,1.221544964740868,8.933796503587855,19.998360068,-4.970020467893319,-2.0632255108168325,-0.9312595638733132,-0.6925962775550487,0.7257230302958577,0
-0.5810795415329768,0.2911759320377045,0.5467869986606377,1.2802168303429884,8.941599619437156,19.9972601833,-2.9901805459123754,3.4408237549002845,1.5476497067083015,0.1336187704239269,-0.08000098776447984,0
-0.3684895752228164,0.2106477797106763,-0.49108158470099905,0.6479230059579802,8.871747126265335,18.8047226647,4.658217577818802,-1.48631166357598,0.22776375276742833,0.3973464161721165,0.12471465818381322,1
-0.2204486648841355,0.27341974090536314,-0.10757520194179859,0.558079182085765,8.796202193776029,25.7492765368,8.477961513587115,-2.358834107571396,-1.7897520169550898,-4.964096913838711,-0.2123918346557201,1
-0.42092312780748664,0.2604883786055702,-0.4365037019420983,0.813201944488101,8.924833568090055,19.778717667000002,3.416033362022505,0.3948447637552239,2.582820260107953,2.1637706423723255,-0.27937124182633144,1
-0.36615433511586454,0.21876021470325654,-0.3697273132683323,0.7118869491870016,8.893018830812373,19.4089709493,4.399540012121078,-0.6918473439260494,0.47321424666330447,-0.9386033775720022,-0.9433734116290646,1
-0.3759073720142602,0.21956352734412568,-0.4129122673871328,0.7222118171856112,8.89764154101894,18.527105413199997,4.699496720816369,-0.3153546558101217,0.8166415193628609,-0.3396501130367846,-1.1753547662679777,2
-0.6503867379322638,0.27943821324387447,0.7202307392118872,1.3619109689147872,8.92410144743181,19.9998600007,-5.912116818200433,-0.6232997395797845,0.04093340753414498,-0.0065508127201518995,1.6112421508174273,0
-0.25583084736185385,0.24548416602197554,-0.741675395429005,0.4212852158484324,8.813929334795283,18.514577228100002,7.742171653335405,-0.8675777537868545,-1.5006152341152905,-4.160951332381019,-0.9366870998471974,1
-0.35547360017825314,0.22081348845604507,-0.3738531530963116,0.642512251292291,8.835466616237717,19.3016053157,5.004757714648184,-0.7672826844305566,0.28207448995375906,-0.1141073298004387,0.21768697361517808,2
-0.4552773421568627,0.22977066621634928,-0.40052904177293724,0.8009667545603295,8.86858315329112,19.596626513700002,2.091707931000153,0.22288145292909123,1.0805904403328759,0.7994330402286975,-0.010278773792542939,2
-0.42252396149732624,0.24591035063025188,-0.4896170905864201,0.7824232522370331,8.920963397324247,19.388356381099996,2.5161360384405542,-1.5524923439735367,0.4233835016495675,0.014538629858384944,-0.21373423584425244,2
-0.6328592884135473,0.29916814076937126,0.298329783597552,1.2714480997459525,8.934572741195574,20.002701960499998,-5.73684306281063,-2.0520527472188546,-1.0982296374606557,-0.14856830074369887,0.07652454197130765,0
-0.6237911101960785,0.30911781363386687,0.2872975273533962,1.253446261486388,8.924441530807803,19.9999800001,-5.817645797386845,-1.0919427197671143,-0.17312486737801525,-0.230198056013172,1.7882644051935856,4
-0.4727201051693404,0.2426013325800228,-0.13685459409909484,0.9245171223397034,8.923042100437007,19.8105222778,1.8213740803502017,1.8674140517876157,2.6103724634619656,0.1953865532682615,-0.7139294536607041,3
-0.571626263137255,0.2661893081680716,0.40461127229149296,1.1896198257843866,8.894141229307099,19.9680814145,-2.2222880838524066,1.1528108909347425,2.5149053961815078,0.31370716175855007,0.5192483778494661,4
-0.2568832943493761,0.19917312462248113,-0.42631689333629197,0.38142493498749214,8.783991515265392,18.9016920018,7.494269227162137,-0.9845995322079842,-1.419413835598208,-0.03224203840791162,-0.10697337600837131,1
-0.6537699859180035,0.2783024250435448,0.7774695651066086,1.3835425897825855,8.934711022570742,19.999760002400002,-5.84661056467688,-1.0050979526431338,0.08038990132428481,-0.6863628355735116,0.8660954516493897,4
-0.6358752677361853,0.27411712846655983,0.8020234885320501,1.3648511337772196,8.933829226218549,19.9983800671,-4.736416339784453,-0.2772962748581289,1.7306858203286382,-0.23936942191724464,0.8597909564425248,4
-0.5775527131907308,0.27351046347658553,0.3715180014614363,1.208942750490149,8.923020659388921,19.9901024933,-2.6148422875264465,1.3096671824153114,2.753066085704029,1.016347255591199,0.757958992822199,4
-0.3621037869518717,0.22118011797836876,-0.4741285043807988,0.6220197192561354,8.871498963524763,19.273188065600003,4.896919044500333,-1.0430635676169768,0.3199503682020186,0.028739871490072844,-0.9655335248328358,1
-0.6334673144385027,0.2966312570102607,0.35852612421983343,1.2664308719195587,8.913723818185282,19.999640005,-5.752321473848804,-0.40344395298211855,0.43502215059860116,-0.1617770227561941,1.715359247101015,4
-0.6269000659536542,0.27069374156639225,0.5517963604754335,1.289315309610269,8.91971502549565,19.9965402307,-4.516118517073009,-0.4145410217681089,1.1835101032439646,-0.6216809452200156,0.3224321183461414,0
-0.1866881224242424,0.2223575198766997,-0.8380456217559975,0.16163372972104742,8.755181162878937,18.809809892900002,10.354640717826133,-2.2770734054351185,-2.334782461340396,-1.0692794464485629,0.4348509297036218,2
-0.6255246468983957,0.27889710057996037,0.7172578838245385,1.345608672554359,8.921972798498354,19.9984600869,-4.41058768675734,0.3723695064656771,2.1350694005784767,0.3591884301707746,1.2612586384193019,4
-0.37231888181818185,0.20911026197550725,-0.24047112366898737,0.6752403627128,8.833495400980363,19.1815737585,4.935664168011579,-0.10913318875903988,1.1269758563712289,-0.15523031144627897,-0.1673998472514644,2
-0.3491373976827094,0.21584351048065034,-0.5772027821643255,0.5247531485701832,8.822264909524272,19.2661827367,5.723101703371684,-0.906140418637078,-0.13080743368511794,0.438571465243518,-0.408081777388287,2
-0.642857398395722,0.27820078685937805,0.47717743638384347,1.2846689042619115,8.90461851963542,19.999720004,-5.554892183276548,-1.0245401141362034,0.23558806972335855,-0.38643023450486425,1.4881928743541024,4
-0.6445339814616755,0.281527287924231,0.5478511716350924,1.3175782501172622,8.923996896305205,19.9996400046,-5.844889514530886,-0.8293670839866074,-0.16869573671353422,-0.07511365456686692,1.537676487757245,4
-0.2539315162210339,0.20885377124613372,-0.5020868709700754,0.35146430819544944,8.702861349345984,19.1035793294,8.104229786412134,-1.199133118636773,-0.9483026386221125,1.080538399885794,0.675398909957406,1
-0.3404225638146168,0.21531959554947958,-0.342882373285164,0.6373389787421893,8.840265894842975,18.8563407349,6.005431099714257,-0.10373076680030557,-0.18719087433838055,-0.17484175114794764,-0.3393501967974706,1
-0.21572438611408198,0.3097939040022415,0.1323815338676817,0.6935836319677819,8.821982597904556,30.825642364600004,8.280090940365552,-2.7190705377708397,-1.7982019567558432,-5.395104556635141,-0.11708949627012744,1
-0.28083541910873444,0.22583846782477346,-0.4999200115267186,0.49416785341746294,8.784302609808543,19.245373149799995,7.596579907910712,-0.9752589755817096,-0.349600739292514,-1.0913126618751927,-0.41796359621345647,2
-0.2162642912299465,0.19308384571832848,-0.49233879006834114,0.3465630145277444,8.761219825691457,18.0157285802,9.448090195551558,-0.05201202773053937,-0.6831512702675973,0.572119089630452,-0.6223466155375414,3
-0.6375262087344029,0.3041950842821447,0.3582073928070142,1.3026490749428747,8.963105346996162,19.999900000700002,-6.219216536173127,-1.5365684747137838,-0.8492683005705342,-0.42446102750491566,1.2141006441811908,0
-0.5838731381461675,0.30837880744856616,0.31885132838778185,1.2468377367326668,8.95089862239772,20.0367135182,-3.9595959890170924,2.7383030247114863,-1.0964198751008167,1.5466620711389343,-2.557345663426653,3
-0.4868149899500892,0.2532972314276619,0.06312596060916098,1.0579524495348693,8.939345173566096,19.7632810678,1.5431128033142834,1.5508845265517435,2.989846159098869,-0.5075545829824963,-0.6663773647864242,3
-0.6145734190374331,0.27505620753772836,0.5808488488485328,1.3040824144314649,8.924491941415942,19.9942607273,-3.645261936840539,0.09261944802083522,1.9442347558970194,-0.24119000587592287,0.2114397805660182,4
-0.6485204846702317,0.2620619603628647,0.859398534811795,1.3687500951402267,8.923664181825814,19.9995000067,-5.018630785934333,-0.7842196336296711,0.9253211802178436,-0.6512067212069996,0.6500107890967204,4
-0.6016050279857397,0.29397870598525383,0.5029041529643687,1.2767546331393527,8.920998060874648,19.998360068,-4.202816793774938,1.7002329374444085,2.460003886038466,0.3440732473314916,1.1600890296741535,4
-0.3671444869875222,0.2145840696522204,-0.32233555922620116,0.6754579333582008,8.879132681329171,19.209517882300002,5.377373390557937,0.9548533158198218,1.2617359064640805,0.38367256526421656,-0.7846693383524486,3
-0.642142176292335,0.30137231691338534,0.33389244097405735,1.2870980172874311,8.930932051700353,20.0,-6.128392708367533,-1.9925682928141484,-0.8273496447931805,-0.9648412027438984,1.8897459967311399,0
-0.6318125868092692,0.28858221177809296,0.365918197078289,1.2589533347041537,8.920811150049662,19.9994400106,-5.50329396667934,-1.4131725036806722,0.07018530547612212,-0.5785968871617011,1.3105533528117104,4
-0.4448342691622103,0.2229787352782121,-0.09458080755848863,0.8726080442982723,8.888156387627017,19.632672115200002,2.6692752692035864,0.7408350637806436,1.7755820662704238,0.7695434263301029,0.09768651430475317,3
-0.4513327541532977,0.23316044240905828,-0.2154424825183927,0.8826583880075456,8.908490102992777,19.5354099913,2.119935094853764,-0.04327777651327436,1.6493449264451163,-0.08779155738425493,-0.7005584126761903,1
-0.6418797657932264,0.29739582120907315,0.5765489549423926,1.3414646302886304,8.937412251177648,19.9999000005,-6.023359484131772,-1.8108368165716642,-0.20070751287297472,-0.9673175143811936,1.8263763079181303,4
-0.45527023672014255,0.23646620340869096,-0.16126168845007127,0.8951508571278436,8.91730039644149,19.6537650404,2.3334290860436155,0.8884564046132604,1.1829899974335722,-0.9737672450603938,-0.9818534043123475,2
-0.6402979802139037,0.3149349550787055,0.3768674294824286,1.311465517307162,8.927230355128573,20.00140025,-6.393267674497702,-1.880077978084818,-1.1323082236064987,-0.6495628885566971,1.863072913664752,0
-0.6243696816399287,0.30913515077400666,0.3245878619690594,1.2688092353079652,8.933934689245232,19.9999800001,-5.827221051105308,-0.31311359201023437,0.1575773243773142,-0.005645955699934202,1.916305582093012,4
-0.507520903030303,0.2431505674548156,0.16228615303356486,1.0689039698219598,8.92726226164358,19.736108463,0.7362224975026113,1.3336096745392494,2.9862621100030573,0.1741362460367024,-0.6033663296108067,3
-0.4608806976648841,0.23106906571797628,-0.12505856012156302,0.9117132114820251,8.90825782891572,19.7504237748,2.0436343364133105,-0.14911962891342678,1.1510593867794476,-0.5874823079322091,-0.9878310444812268,2
-0.4668386436720142,0.25216960165082214,-0.2684907623981809,0.8751820590744172,8.904898553748845,19.9247588932,1.5166432753082173,0.5634095287033332,2.5843960251033344,0.488061361365018,-0.041611186764587194,1
