media,varianza,curtosis,simetria,entropia,energia,clase_id,nombre_clase
10.042527869973723,0.48158521579071695,1.391080023727775,0.5735807344689381,2.4837321790361493,5066.697561749483,3,izquierda
10.025953658796483,0.4806419922994632,1.4574115487158803,0.6520495878866429,2.4427501786743417,5050.0194380317025,3,izquierda
9.874079014324389,0.22617372768265162,2.5680622825770474,-0.24310915636989178,2.3995960715695155,4886.1805054401975,3,izquierda
9.860862557749924,0.08332802949772165,2.9998759948700844,-1.3366625333308886,2.5555487393409937,4865.996920616604,3,izquierda
9.922064976084496,0.03765176760377273,-0.6965565898712156,-0.45622055844985837,3.123590675802154,4924.251257862319,3,izquierda
9.88117508488694,0.04160582826346841,-1.1096476153490373,-0.07054538286093998,3.1680470463237422,4883.961344322696,3,izquierda
9.858224988922537,0.0386069624220663,-0.9776023378368,0.17116815262399085,3.1644308569767845,4861.1603447319385,3,izquierda
9.851773688416916,0.03498309910677902,-0.7789134844142906,0.34169490866518615,3.1489546774798987,4854.621395344531,3,izquierda
9.845765139037102,0.03503491324536744,-0.6687013863583289,0.48615294018986627,3.1288839259309054,4848.7063043161825,3,izquierda
9.789324131826575,0.02427997810992685,1.2691969621827317,1.1435079333415314,2.801303712293841,4792.757346803603,3,izquierda
9.825181761354365,0.02526137107975923,0.09718286215016336,0.6475086418711467,2.998004469943415,4827.972900736511,3,izquierda
9.847987475753081,0.024295047952939748,0.08972827258876803,0.5119533854429621,3.0118596180618513,4850.357618527127,3,izquierda
9.862780910802234,0.02243603736749563,-0.20950287631035414,0.6181462128147963,3.0774605460822446,4864.844166592623,3,izquierda
9.84474501581602,0.016826649435258946,-0.3551511833014893,0.1916230503712002,3.068117797896738,4846.7915537934805,3,izquierda
9.877384148232512,0.022802392056456205,1.2094899536078323,0.5785785451792134,2.681076764363101,4879.276000190568,3,izquierda
9.852182291782846,0.03430274803025882,0.7812407848487348,0.40578758065782705,2.858398771727886,4854.989932927489,3,izquierda
9.849107060845677,0.04751478614384447,0.003613339560200046,0.42666804239084133,3.083676149512801,4852.621234107201,3,izquierda
9.818556150894105,0.05868262416462691,-0.24053276465372075,0.30217945048471007,3.156300116263606,4823.136375621254,3,izquierda
9.802466155392079,0.07454954590189677,-0.7127541826668309,0.2452993359787579,3.1649747808219537,4808.144613675454,3,izquierda
9.751798998165047,0.07890980332966377,-0.7608346911393937,0.26105142156981137,3.096174485469454,4758.824675197123,3,izquierda
9.754928980426993,0.07850484630283439,-0.7461123642365379,0.2699615785270972,3.130826356079541,4761.857212973861,3,izquierda
9.766295360811906,0.08653259892408556,-0.3486162480633235,0.37581261468751037,2.8059327341064346,4773.352883677012,3,izquierda
9.811256009334263,0.0862233183549863,-0.5521643748471128,0.13711630817973072,2.876007174992567,4817.348389952635,3,izquierda
9.804695489639643,0.08807152559951811,0.13265229853961058,-0.1980496504547756,2.8641780728132544,4811.006258507972,3,izquierda
9.83612977389332,0.10126605343799806,0.07944404122290205,-0.19592652434464736,3.0041073068053112,4842.535749115432,3,izquierda
9.745267486739941,0.13146001172033656,0.2022533510636837,-0.26732902090669863,2.8859327196634847,4755.0849199915465,3,izquierda
9.724935175023784,0.11168556634329273,0.4434671839238393,-0.5064920039849947,2.85339517576966,4734.302486237909,3,izquierda
9.692629283256364,0.09740275868866322,1.054716795362082,-0.4759144110059671,2.6841073212962616,4702.223259066372,3,izquierda
9.72410298488382,0.08661163790279225,1.7393170712078216,-0.5779097906460424,2.586895244555753,4732.23952492646,3,izquierda
9.70466709031819,0.055940713268731034,3.720698208228658,-1.6347816637655754,2.598125558063681,4711.825202358685,3,izquierda
9.776946015137957,0.020527306169933434,-0.4309993378427417,-0.4465242653257982,3.0216081029969577,4780.460034454594,3,izquierda
9.780900152109066,0.02257469206890142,-0.01214878692861232,-0.2523304166964846,2.850582185403701,4784.429123879802,3,izquierda
9.792673688714222,0.026255992213988524,-0.22563902300413785,-0.05378268711713825,2.982824562210935,4796.135698292489,3,izquierda
9.769453468178158,0.024354470792128612,0.009167512590250837,0.32699206426742483,3.016232680749032,4773.328776884518,3,izquierda
9.776425099886096,0.02174709468268874,0.1325622610391055,0.5610597596188385,2.895158874823221,4780.011741418279,3,izquierda
9.765266363086175,0.027105510938577018,0.1324577090281469,0.16366956504632735,2.783661441850099,4769.376632648044,3,izquierda
9.761971464072756,0.023109282220767288,0.12386929821023918,0.07967054736045588,2.6251421347316906,4765.959807379579,3,izquierda
9.758561708103523,0.020855747102869446,-0.07977780520477262,-0.2812390665288515,2.854697123105229,4762.5191178983605,3,izquierda
9.767247532076448,0.020751785929864135,0.009915183533378613,-0.38370580353965994,2.917922312267187,4770.993806939167,3,izquierda
9.767149954849485,0.023893845379812814,-0.24495936398370466,-0.47300667149220493,3.0134806494403046,4771.055604294806,3,izquierda
9.7703989487857,0.019117125711381952,-0.5443770879458985,-0.05436316639181823,3.1448218571537843,4773.990637207204,3,izquierda
9.767198425777226,0.017877020680140184,-0.40149224054385035,-0.03835068446384493,3.119919607202036,4770.802105459263,3,izquierda
9.767080315576795,0.014777496351107764,-0.13626610164777153,-0.08488297051546186,3.0640671496898024,4770.53176936394,3,izquierda
9.78295105218335,0.014599469711867699,0.031394862978812554,-0.33377609146944204,3.0443726761641554,4786.036537956358,3,izquierda
9.773565067896797,0.01519608728606996,-0.4761731682647241,-0.009645646836250315,3.1093603998105497,4776.8885111849295,3,izquierda
9.792513953060919,0.01832204827121862,-0.2304355665781519,-0.09014065563052777,3.096776590151253,4795.5825784582,3,izquierda
9.782903161020352,0.028858057833845624,0.10024621848824111,-0.06794071554139698,2.8357834853484576,4786.70261578679,3,izquierda
9.776669076626655,0.03049479391292988,-0.1366111064460087,-0.007814952295028064,2.933739910165189,4780.68765138904,3,izquierda
9.763280240248214,0.03571492188757333,-0.17796372465076438,-0.08823953907481592,2.8992050568695635,4767.86779857544,3,izquierda
9.78664634584368,0.04918306164573817,0.13568871334892085,-0.1180340356371657,2.9297452913615922,4791.381488013059,3,izquierda
9.78113252590226,0.04429056752251486,0.6437953653241637,-0.07706329081591462,2.792629062162438,4785.742202839281,3,izquierda
9.804852182648775,0.05466462095322755,0.9795448707713219,0.1757843120626319,2.7205184248073193,4809.489547227283,3,izquierda
10.26148591506047,0.17107381972015967,-0.30389207424925146,0.24942286491502907,3.0192050568455597,5273.45835023523,4,derecha
10.230859252554817,0.16428070776540338,-0.2250225671022794,0.5780063903215168,3.002977471452159,5241.738087667596,4,derecha
10.248423560936429,0.1456917787320779,0.029159677723543886,0.6914781477524469,2.976370867852603,5258.793863154449,4,derecha
10.196801362991962,0.11681069471408298,1.2742568603555124,0.9784695740472433,2.820568717993746,5204.578436551442,4,derecha
10.04041704022349,0.054023239848988845,-0.590420790254603,0.09567902464794353,3.1690254290288897,5043.19987907296,4,derecha
10.026941771144147,0.05378541405522909,-0.4320087889169417,0.18515026691396377,3.1394704261884026,5029.667334798525,4,derecha
10.036741802654342,0.04932678499859843,-0.25513759357899524,0.04217616715904423,3.0967765901512534,5039.275639907386,4,derecha
9.996706469093764,0.0476271351701498,-0.08662670447388665,0.29350171678211157,2.9947085292164655,4999.088368219562,4,derecha
9.950876106832043,0.04586828179778364,-0.08209430378994176,0.0900139327681456,2.9823628104849442,4953.290178765932,4,derecha
9.991775036446063,0.0442719542962269,-0.06052567939813791,-0.24485171874508938,2.909278242158322,4993.992016662149,4,derecha
9.987621659608905,0.045851632321834306,-0.33595703841440594,-0.1722969635509633,2.913982572716751,4989.921902390539,4,derecha
9.993381677960736,0.0457517274659482,-0.616572327774422,-0.34531822991064276,3.0887669086244407,4995.6714544433635,4,derecha
10.014473287484972,0.048678004702036565,0.006852303613381405,-0.2442633243858999,2.8312722499926517,5016.917661522604,4,derecha
10.065807730259081,0.0430928537097218,0.4925530968562444,0.07435973513032673,2.85142847524429,5068.178905812659,4,derecha
10.034456386402384,0.052367251026876206,-0.11500587520616268,0.1892801836311107,2.9909520013406428,5037.134111081922,4,derecha
10.073053417914132,0.0485578590749907,-0.005905984986931845,-0.009618365302876018,2.959079440478352,5075.748150961328,4,derecha
10.076808921377824,0.053993034800958954,-0.26941501548427826,0.06094743456801516,3.0741309103101835,5079.803553638032,4,derecha
10.049029636018505,0.0504955448140998,-0.43306230446259386,0.10634913508636515,3.041076735437203,5051.674608519614,4,derecha
10.022003690303897,0.04418627294007632,-0.7363180997976588,0.0634404075598421,3.124052427528147,5024.237212070249,4,derecha
10.03817712568412,0.035190522750798266,-0.4950337503245934,0.17274017624046512,3.01140116791933,5040.009526467934,4,derecha
10.02487862242112,0.0305185930417528,-0.28637265539587364,0.39991222912307073,3.021467735614206,5026.435499365884,4,derecha
9.984031629756746,0.019302851379367162,-1.1361100190284754,0.07033337406900837,3.250560986688694,4985.0095217681255,4,derecha
10.019170611988322,0.02403428748319441,-0.11382972581297457,0.19411844013318363,2.9685636917698464,5020.390701980681,4,derecha
10.019300775895177,0.023707352159815356,-0.01797955414609742,0.1623146365771421,2.9399037493651528,5020.504769500674,4,derecha
10.039088945809834,0.022530560329019095,0.001560635855835546,0.018995254571350977,2.8970968532382098,5040.2918711105085,4,derecha
10.056481199602906,0.0192303556239388,0.6247502847582544,-0.0653657238415799,2.751671863673345,5057.602223679534,4,derecha
10.075008315929743,0.01665017911303895,1.3246476745219171,-0.11816963179636776,2.663251468805648,5076.122137258328,4,derecha
10.062749264988328,0.009676028110486472,-0.2560238442795586,-0.08244998835038447,2.963590675834159,5063.429939906682,4,derecha
10.063534102245729,0.007692617690871349,-0.8620569801087385,0.30440090745099135,3.065338488148941,5064.120562237681,4,derecha
10.048106496398347,0.0072635176483684645,-0.3136480954767271,0.4254998149051562,3.008563677334901,5048.5853840305535,4,derecha
10.048662252996218,0.008754633589885036,-0.33613512330192874,0.45036961354600347,3.055939710560092,5049.218385419045,4,derecha
10.04102052123466,0.007858721040067683,-0.3358819781500024,0.4367903380666992,3.0120965444125023,5041.497591444781,4,derecha
10.046026989927048,0.007132267232676023,-0.28389291126848315,0.21897123427945622,3.0684929257699056,5046.489527478769,4,derecha
10.04424650876797,0.006639780438417938,-0.03813812760505009,0.16944304145469763,3.0273357975587403,5044.676385466797,4,derecha
10.039645278523116,0.006080832991369206,0.10804405028645814,0.517260598124247,3.0317888665048596,5040.027907578144,4,derecha
10.038924392875138,0.004501718370744916,-0.733365161624628,0.21416279270217758,3.151037460584341,5039.22523421171,4,derecha
10.037747079312972,0.0045373463740844095,-0.7594628388881732,0.20275906535030197,3.050389090161071,5038.045188731509,4,derecha
10.040764296969803,0.005613713256069105,-0.9508517324690713,0.3082317902300762,3.1798488556370406,5041.128069027981,4,derecha
10.041868604224678,0.004975561738662561,-0.7050805362802071,0.408634297923059,3.195463236656445,5042.205031312597,4,derecha
10.055567896495397,0.005985402735782811,-0.8514053269523933,0.05723779298083721,3.1632155479209856,5056.021556188232,4,derecha
10.051851411263122,0.005462065826661244,-0.6254569236863019,0.023841099073682006,3.1310227384386895,5052.258942996954,4,derecha
10.036816357801442,0.007849484238464799,-0.526006709532715,-0.22733309509301716,3.1297241071135358,5037.2766042234525,4,derecha
10.037490406647532,0.00939149703556203,-0.20127195845430368,0.08943143025252889,3.042433547598989,5038.030258028841,4,derecha
10.053506446293731,0.012489306338649064,-0.8490738758429393,0.03312959856475094,3.1970854181850763,5054.274058600413,4,derecha
10.051039873182523,0.011380821933541365,-0.579632225005057,0.133405049487288,3.1366911164406073,5051.739167711925,4,derecha
10.051629347785514,0.011519000730900075,-0.5655220934954954,0.23985855343925494,3.107277616706107,5052.338577299698,4,derecha
10.067562761950883,0.011227892269071829,-0.42482866477850445,-0.012151108887536446,3.043590675818156,5068.3523929044595,4,derecha
10.053604607178217,0.008868361456880363,0.07818931973620469,0.18665545182021842,2.8650455324349537,5054.191697946597,4,derecha
10.036308482041528,0.008397102799207454,0.55107012325707,0.14089065147304963,2.82600347122848,5036.794252474898,4,derecha
10.054261745869482,0.13072972915721504,0.9065223524343518,0.9529483520537109,2.8754632367204507,5060.945449180585,1,adelante
10.057411387751316,0.11399721038074306,1.2869468470703378,0.8787096253784986,2.7607776855082014,5063.276051642531,1,adelante
10.11199981384732,0.09974322442778623,-0.4278006799901908,0.14208254096577283,3.0452677365999494,5117.614172983801,1,adelante
10.151464067839635,0.08462121570860999,-0.5248380029547497,0.11441654122172919,3.0896692278683746,5156.842196817393,1,adelante
10.131209531795255,0.08499892722497754,-0.5430493756897854,0.2781466460435922,3.073789477482127,5136.3202752182,1,adelante
10.056343520176002,0.08389305342187332,-0.8665402757129574,0.24464149106467015,3.1873357975267367,5060.696902460387,1,adelante
10.056969055140632,0.07228094928624461,-0.5981051492239504,0.2105136108892478,3.1706158659578576,5060.745376267123,1,adelante
10.053056452830571,0.06131769191570639,-0.8219826712282581,-0.10116864410164948,3.1970854181850754,5056.263086785704,1,adelante
10.027930009508033,0.054621000216549725,-0.5736183779238395,0.005566059355012214,3.1680470463237436,5030.700063790416,1,adelante
10.051609930240716,0.05696930316181149,-0.6185114740700297,-0.10675895898958009,3.1582974256654053,5054.5915746437795,1,adelante
10.08498796027132,0.04239486873526593,-0.31774579588021234,0.017657504776904667,3.0156161603646168,5087.468851377637,1,adelante
10.062899725421614,0.04264644750311499,-0.5342283764589841,0.37027360269377557,3.109877030789706,5065.229866569675,1,adelante
10.027717372859804,0.02967366813766797,-0.17899325992955673,0.19273220823584392,2.933618865405768,5029.2394689046005,1,adelante
9.96156724309675,0.037567449842595,-0.660402180387401,0.03201701940598939,2.969262369846492,4963.519469429039,1,adelante
9.961760399151327,0.049747645405228705,1.3536960777657985,0.678134580017433,2.7182425753541435,4964.320894775242,1,adelante
10.049782274449887,0.1582482339194398,1.1742367056666634,1.1174304752999402,2.849193074914719,5057.818599888329,1,adelante
10.052423347035408,0.17446935131752891,0.6978966486285185,0.8002398841796681,2.8860530385614194,5061.284224967004,1,adelante
10.004378846741606,0.21620734927245386,0.06934661748234028,0.6868731996614857,2.954708529224465,5015.190172920167,1,adelante
10.031441156744044,0.20862545322555756,0.1467176296820134,0.561714577061358,2.952112416724335,5041.9218567221915,1,adelante
10.012406970626541,0.2064837346611047,0.2618805721011861,0.5353845076515464,2.897872730499301,5022.738854005603,1,adelante
9.89610235526792,0.094031922834322,-0.37110658938988506,-0.2542841115165386,3.054262649778302,4901.34368743868,1,adelante
9.943431204438648,0.10064021947774324,0.01410393225570461,-0.01255388672750292,2.97032291024387,4948.623216844098,1,adelante
9.927821693382313,0.07303257313304268,0.27884506101724593,0.27993363900697055,2.874164634249189,4931.733807436275,1,adelante
9.908931116140696,0.07380509455861621,0.29175837048565256,0.43046580632141873,2.8750881377011743,4913.0360479489955,1,adelante
9.985431805637262,0.09150644080253256,-0.3904126115948636,0.4861529101081347,3.092558296122495,4990.0177392917385,1,adelante
10.060439941412744,0.09407262611293402,-0.8231184736181012,0.060526649820751795,3.2555339881974374,5065.32622204429,1,adelante
10.003598344962024,0.088581940642375,-0.9528478689258963,0.16995567387494379,3.268634428835889,5008.028089398466,1,adelante
10.067603447208047,0.07704879126904675,-0.8442062142922206,-0.08536196967374013,3.262824547727985,5071.684398075219,1,adelante
10.104139884130122,0.06539636695883505,-0.7857115163640271,-0.14062406579257095,3.1584389287713925,5107.951958251396,1,adelante
10.065635294358936,0.047907502272355566,-0.5720124197321663,-0.33171804976098623,3.0897241071215364,5068.246069065834,1,adelante
10.008357734373673,0.041195898612038866,-0.6328743595692732,-0.19672315565760964,3.0749466057012924,5010.421021890469,1,adelante
10.033321208499059,0.0383571315326981,-0.5065745139983604,-0.2625164010353267,3.0514833400305053,5035.294580222485,1,adelante
10.0323612091579,0.03646458557414904,-0.2823313135657659,-0.14527923152102376,3.0561744854774515,5034.236800829515,1,adelante
10.071274603250474,0.045508719202987956,-0.08721642501973914,0.2939224384042738,3.0089693996575524,5073.804042664051,1,adelante
10.064134710726268,0.0641376858259927,-0.5764731155035796,0.10565488760307783,3.1713429870506933,5067.547258073566,1,adelante
10.113343895546818,0.06394680295843702,-0.5851104785388115,-0.21791655801120652,3.1665663679010994,5117.183577627626,1,adelante
10.13008123309447,0.057611205490768994,-0.3399982084811892,-0.2822705126545314,3.0983681772303986,5133.807849729177,1,adelante
10.101480395221413,0.06952901659602198,-0.3603166510840259,-0.40218464601153286,3.0462529682514883,5105.4717595819275,1,adelante
10.063735619710071,0.0601099256727349,-0.4360709329695709,-0.4463271275660157,3.128101925584905,5066.944227454699,1,adelante
10.017571142686679,0.048421422060502886,-0.6626103039918778,-0.1086380378969686,3.052265340376505,5020.007651042471,1,adelante
10.007970286319255,0.046519713406378754,-0.042609222004678315,0.12221773693161991,2.9767765901752568,5010.299448262774,1,adelante
10.004263171734335,0.042758739151997925,0.23135863245172894,0.13870577842513168,2.886049736977951,5006.402017423597,1,adelante
9.991606209621027,0.03417450783314198,0.4080564718292301,0.7250663618082758,2.9622920589359496,4993.31845779853,1,adelante
9.94449496435144,0.054083112965056815,2.9226333017996264,-0.5955550011881087,2.5191649286959517,4947.353160448812,1,adelante
10.037267194936353,0.07166460326620602,1.9491128552431514,-0.7087773347472075,2.547474028031154,5040.919867290584,1,adelante
10.051428658524008,0.07385370645317679,1.7797991563662512,-0.8194118279284519,2.614235385854186,5055.253589192545,1,adelante
10.04804439162242,0.0718911048386401,1.9797514891313863,-0.8192444614205057,2.6100992639446035,5051.754360042674,1,adelante
10.074931090758495,0.06378711674427748,3.6055890571414144,-1.171047890826449,2.365531514769794,5078.401180013823,1,adelante
10.130510860612524,0.026578965741060383,-0.07310903935029911,0.8661005977661512,2.986120488510939,5132.691463136471,1,adelante
10.086561618909471,0.018453929176104365,0.7793031276689111,0.8793268597403271,2.853911806748814,5087.8589610616855,1,adelante
10.061195834331036,0.010594052545533078,-0.3145505270400766,0.01313549649322216,3.076523791504771,5061.912783465285,1,adelante
9.982799000046318,0.0001615590046888963,-0.35048070991460234,0.04384524522615552,3.0367058386102617,4982.821871716523,0,stop
9.985228113815552,0.0001242340173123855,-0.4380119321233167,0.24967627560311292,2.990115107314535,4985.245235947489,0,stop
9.984374464133321,0.00011167272498191715,-0.2023831717583997,0.21897612806553302,2.8746263715482345,4984.392255638125,0,stop
9.985756328494212,0.00010971683077943558,-0.3783488485361479,-0.038889745020988846,3.0094005569340605,4985.7719584446495,0,stop
9.986655048689439,9.247280169044438e-05,0.24222935742860985,-0.1619398150859824,2.920001779361215,4986.668576715799,0,stop
9.989724238320331,7.799962032850355e-05,0.08742052184704541,-0.0532426522501935,2.935737219566986,4989.733417865254,0,stop
9.989529089520133,8.204617644654294e-05,-0.2675410449740574,-0.05331654113654391,2.990834969599234,4989.53867382727,0,stop
9.992033360394364,7.419594497457124e-05,-0.8909608839070988,-0.017492957216690926,3.1546263570652844,4992.040243558943,0,stop
9.99236870862611,8.307950929249022e-05,0.014705690961187567,0.4180109610225628,2.9584389432383413,4992.375774431975,0,stop
9.99264013742871,9.125331912019348e-05,-0.31665224214327736,0.3733180935820805,2.9823628104849433,4992.647408473519,0,stop
9.991839569631132,0.00012655514977946694,-0.011992778493321588,0.28011059837387,3.0173897945412533,4991.849227019812,0,stop
9.992675916739358,0.00013546115905950238,-0.1353981898438903,0.24137227145168136,2.922571749145508,4992.685371907091,0,stop
9.992162660834131,0.0001240307509194666,0.38087117905793866,0.3769133068478234,2.9130041755846614,4992.171933565938,0,stop
9.99258672270961,0.00010873855082302191,0.42340656200418225,0.11891910144745914,2.819066869789994,4992.5949074711625,0,stop
9.994502333310766,0.00010386984369059203,0.6444382555023025,-0.235598084565133,2.751788895414754,4994.509038019902,0,stop
9.994105357898176,7.350100063899562e-05,-0.3216812520825263,0.19338363517460627,2.9436614418180973,4994.110770288484,0,stop
9.99314970232573,6.732278837659982e-05,-0.33943838758401723,-0.3742149646136021,2.8261205029698884,4993.1554147940615,0,stop
9.993436832012396,9.32604823785626e-05,-0.3376104192289877,-0.0028130108159336157,3.065142105789791,4993.443648795214,0,stop
9.992297049264367,0.00011234244886611747,-0.4055282282941097,-0.10275378073080889,3.0098062792567135,4992.305633159314,0,stop
9.991608087560017,0.0001051638835658786,-0.1957119387493944,-0.013189967822846725,2.8430740593059496,4991.616866963915,0,stop
9.991780767740687,0.00010449539286096297,-0.09207798870967343,-0.15613566289735398,2.8953924995904035,4991.789370299278,0,stop
9.992033882310825,0.00012519633622290604,0.45740488164799453,-0.27598473311356564,2.8868281196592855,4992.043315079187,0,stop
9.992828894492074,0.00014248590697745094,0.9161310726946725,0.08369928437715066,2.8381255291617844,4992.838590025134,0,stop
9.99322291001584,0.00013769796961502617,0.849752646031467,0.25146891623271017,2.772579494821499,4993.232091361754,0,stop
9.99293643013346,0.00013573937368389154,1.0046805825937826,0.26193887943979777,2.7635939918845764,4992.945711803106,0,stop
9.993914537386978,0.0001341447296041709,0.9422993106355988,0.1857321543350078,2.80092414711397,4993.9230962662195,0,stop
9.994579565358231,0.00011493128441744535,0.333884170232571,0.6687404641440078,2.934697123089228,4994.5867809780375,0,stop
9.993309489705332,8.323861201456718e-05,-0.4200391501626788,0.1628968740523355,2.979555914349998,4993.315889782333,0,stop
9.993946567922308,7.402717310116299e-05,-0.19208740544512626,0.1921536823809876,2.978829943407339,4993.95210148296,0,stop
9.995229851289158,8.482069072382829e-05,-0.5943207967721751,0.017791636925606313,3.1261046161831074,4995.235230039631,0,stop
9.99474720147562,9.144323112867555e-05,-0.6311981080933067,0.08743365167560382,3.1378515462432444,4994.753153231795,0,stop
9.994757834777637,0.00010573061373816403,-0.7748174002720223,-0.029094936309184537,3.180365486616195,4994.764495323135,0,stop
9.995992301202826,0.00010204312214912244,-0.6592411375743152,-0.20622196464278086,3.1191648997220494,4995.998206441415,0,stop
9.996205075302395,0.00010388362381484933,-0.6671249969793971,-0.3190778707974258,3.115463236672446,4996.210989556257,0,stop
9.995487784069601,0.0001134231069913972,-0.6790954966610934,-0.27298674278229873,3.1713429870506937,4995.494473229582,0,stop
9.997085134375952,0.00011393174452805067,-0.46961083990330676,-0.4040916058417085,3.0432977200641633,4997.09125578526,0,stop
9.997676503630943,7.946965890805196e-05,0.45689697563334564,-0.5294812296390161,2.8590331603099397,4997.680747045658,0,stop
9.996454393934123,8.27060149646993e-05,0.18071454319948232,-0.33866442321808565,2.968047046363747,4996.459157800987,0,stop
9.996286560130022,8.615544711726302e-05,0.0582489996401816,-0.4485489696796736,2.9551702809504583,4996.291557384162,0,stop
9.995565558351354,8.139253502566807e-05,-0.2309034169798858,-0.18373193301323631,2.981202366255362,4995.570611191741,0,stop
9.994435816947181,7.65307125167499e-05,-0.6900606236452087,-0.27974925188725663,3.1048767364149485,4994.441191489459,0,stop
9.994269385053576,9.604507691191177e-05,-0.9297018718654733,0.005613533205744296,3.1929492962754935,4994.275829304805,0,stop
9.995700735807558,0.00011701108264878511,-0.6587136737697019,0.2170685195879427,3.0435906902451024,4995.707510545322,0,stop
9.996481277360363,0.0001059850260028585,-0.5340330772075355,0.23622545657235688,2.9514686323277988,4996.487195682114,0,stop
9.997129987423369,0.00010563300328785829,-0.5256116091448462,0.2666472052274357,3.032194588827511,4997.1356809221425,0,stop
9.998096453119565,0.00010350456575901141,-0.46892346015051256,0.26426847899056605,2.964430857016789,4998.101809522389,0,stop
9.998866879852152,9.713675168950318e-05,-0.4840935928938044,0.2478667831937876,2.9034539453478088,4998.8718008878,0,stop
10.25231841930344,1.194771381224986,-0.08540925355464157,0.045658800019653965,2.963732178940143,5315.240217600679,2,atras
10.24480342988214,0.8326254854194187,-0.028860109183735272,0.397867797849958,2.929262355427546,5289.431140117215,2,atras
9.93957810225964,0.36998477572643634,0.19468608197172843,-0.32680852903085517,2.8697082492926564,4958.259881332289,2,atras
9.83664663673691,0.2728692371130222,0.4030853497263194,-0.6531365616082875,2.8726290765733835,4851.62431465703,2,atras
9.856383740487393,0.127276664861784,-0.478288336496437,-0.18737378269882315,3.144498306950308,4863.778855230303,2,atras
9.85115920008074,0.09456707569249635,0.28508380686612567,-0.3108185837064159,2.807750472977094,4856.995233051395,2,atras
9.941218266252417,0.0467902270393185,0.826111057184594,0.4857318447786938,2.7692835396676005,4943.730542215501,2,atras
9.985218316610439,0.035772207859393786,0.5011108802367321,0.5180363286161168,2.7374415732547983,4987.017851911599,2,atras
9.984679653876292,0.02052411260269655,-0.7434089140430493,0.20905821260557939,3.162433547574988,4985.717595156692,2,atras
9.972707602603741,0.022744224828295877,-0.721910021353187,0.18192424450725167,3.098368177230401,4973.882057592938,2,atras
9.9363591299587,0.030702829526462118,-0.9650581319452076,0.12772818269135922,3.218368177206397,4938.096779452004,2,atras
9.96158038242747,0.0317645947248738,-0.9761023461619676,-0.07645791950872112,3.187710925399905,4963.242415514434,2,atras
9.908187358576889,0.021863507781785793,-0.7243422429258191,0.042248054680251015,3.074708529200462,4909.702012022232,2,atras
9.856931468339202,0.021216419634945218,-0.28389028644893566,0.5292817584415426,2.898688440317355,4859.015719558527,2,atras
9.841969472213579,0.02204765702555573,-0.2020675706563324,0.6638719441741218,2.853911821175762,4844.32053745048,2,atras
9.867131129555633,0.01892533057763661,-0.050562340076852674,0.522615982911104,2.9552913401368257,4868.9601029211735,2,atras
9.798826006708394,0.011037468572968357,-0.6355731343475401,0.4767776139436241,3.0408980043501295,4801.401428915887,2,atras
9.763912999706356,0.0068324572180088194,-0.26565637562021616,0.7259997892127069,2.865486854668271,4767.041476152639,2,atras
9.758976167753135,0.006217805549258407,0.3024589044042929,0.9894963473560141,2.7670830133872073,4762.191682416146,2,atras
9.76943259150578,0.005752340845110309,0.06263649482461275,0.86867723489659,2.693074941608601,4772.378275041023,2,atras
9.742284997409877,0.003010502498237665,0.6900003983166503,0.9787724023428496,2.6695567966846534,4745.756373662792,2,atras
9.738641383329558,0.0038824286468555364,1.0427196956724742,0.20433756499714145,2.5783681917613555,4742.250921087295,2,atras
9.735452264041204,0.006997942061549839,0.733677723521982,-0.4194581821580388,2.7432514543627002,4739.301436374325,2,atras
9.743456663455785,0.009396055775410436,-0.09794881036047087,-0.41826598391711717,3.0183681772464017,4747.217190420815,2,atras
9.71159407494299,0.010006345979807265,-0.21418989117143106,-0.2310444211012875,3.028199970023915,4716.253291122382,2,atras
9.681292938716872,0.012258420689458897,-0.685266589211107,0.17324207791174315,3.1668866165211065,4686.984569296933,2,atras
9.69500854781092,0.015158969245170042,-0.47526525924591523,0.31775990907775653,3.092558296122496,4700.417485568599,2,atras
9.722655860347968,0.019583939025911545,-0.4996759425063435,0.4332742305142228,3.052558310557442,4727.481045889231,2,atras
9.702261169056719,0.022415185644355712,-0.29174770685283,0.3552140605654992,2.8192050713125125,4707.814348911509,2,atras
9.70232156997951,0.021883394556658994,-0.2108701683049783,0.40138256185541443,2.8005184247913193,4707.846362092315,2,atras
9.730133747761144,0.022122026590332525,-0.4324303195898893,0.0647318709259169,2.933911806732815,4734.881238795533,2,atras
9.719308856662117,0.04965193032820212,4.0291345831711105,-0.808926342901438,2.2435322079142384,4725.730829075944,2,atras
9.705943115510372,0.051207390545160755,3.730830629544336,-0.5178841317319528,2.3612171029559708,4712.826957603418,2,atras
9.724536311575898,0.05339847392605814,3.577059641737913,-0.6717352066942965,2.339057118811684,4731.0002474542125,2,atras
9.744107974972872,0.05600569879998485,3.2760456536723446,-0.8171524185555303,2.38669202771716,4750.182296336496,2,atras
9.734291872899554,0.058235860415380404,2.797221253641263,-0.6884535916166838,2.48069800443833,4740.733706360684,2,atras
9.74048285962934,0.029208447899499626,0.34461507703172156,0.07716726446531354,2.8365238059797213,4745.310739331624,2,atras
9.732806392556734,0.023450785042205484,0.4237264070236595,-0.30147745203953435,2.9431447964119983,4737.54855300177,2,atras
9.718297869327097,0.016519856561145418,0.2460264981662421,0.1368669187085094,2.9242556588736957,4723.091666676438,2,atras
9.717008724515084,0.013810320342136726,0.3976551772679473,0.00018153002182108192,2.8435906902851054,4721.703443632218,2,atras
9.712337379197029,0.011106120006031799,-0.020248741057414144,-0.22722514047470016,2.905045546853898,4717.030174367693,2,atras
9.716940306659438,0.011623908859532503,0.05159043403217067,-0.12616059712537625,2.8925583105894437,4721.527641602117,2,atras
9.703344719967395,0.010237432470804613,0.10863937752207375,-0.08622858158809607,2.7667695992866497,4708.2568093494965,2,atras
9.705448457276594,0.010631186912038706,-0.08490588938522725,-0.06388346536697656,2.771721431014286,4710.318047188234,2,atras
9.70020567587366,0.008470439602250291,0.7210644224792944,-0.22678385877947602,2.649262369910499,4705.123029692691,2,atras
9.713912679935929,0.006646238586561472,-0.2868396472468815,0.2620527991365496,3.064821857169788,4718.337289600328,2,atras
9.706770702331733,0.006013891208276838,-1.0075458683379686,-0.10381719872069099,3.181984366561355,4711.370567942697,2,atras
9.71253994376513,0.005076801573302799,-0.6790810203227964,-0.23037555791086792,3.1927112197746625,4716.925448040324,2,atras
9.71328851159775,0.004543559141351007,-0.2981087458692939,-0.3043027974252292,3.059033160269935,4717.625863433909,2,atras
9.710702854251206,0.004789693908102998,-0.4991425377636296,-0.21015216326264363,3.11896240870494,4715.12698087353,2,atras
9.714398890909226,0.011509951423868165,5.857923020631349,1.0582734324705867,2.2329705239563964,4719.052788156114,2,atras
10.036605138827865,0.0001281682549475774,-0.4233450754316834,-0.08686980220777446,2.954302821328759,5036.6785440500435,0,stop
10.036839703957082,0.00011568023353599953,0.00803867483082632,-0.2199561894763964,2.9174605605411945,5036.9133461581405,0,stop
10.03817218932512,9.204072862102248e-05,0.012572219782460259,-0.1286933566461463,2.982879427037153,5038.249647163445,0,stop
10.04038759132083,7.04043174389258e-05,0.30529044851614495,-0.24650656106525126,2.888766908664445,5040.472669413336,0,stop
10.039133693094122,5.721807133134197e-05,-0.014896022539453213,-0.6516956133451448,2.9619381008438883,5039.213126294446,0,stop
10.039320906629362,6.143553058294748e-05,-0.3576096049344102,-0.5538845011956752,3.0513978663278585,5039.4012850908,0,stop
10.037920340799557,8.184124863464754e-05,-0.3222447886574282,-0.6450553770052982,2.9865810900867573,5037.996330474307,0,stop
10.03770546333544,9.867482200132108e-05,-0.2544192754237038,-0.3050313651029055,2.9327819713796623,5037.781482174808,0,stop
10.037554673921523,0.00010112622384412887,-0.3179372229694071,-0.21743808408457468,2.9819876681848294,5037.630247909382,0,stop
10.036904407518945,0.00012022123200095102,-0.693644814545741,-0.13305296053289528,3.0925582961224967,5036.978515345261,0,stop
10.035827679406275,0.00010863517364780948,-0.3777185388903712,-0.015666475957213974,3.058368177238401,5035.89729229554,0,stop
10.03715459132486,9.186423379592808e-05,-0.20073267068764356,-0.09878206562605228,3.0146938070628106,5037.228207719376,0,stop
10.037502111569953,9.38659837185459e-05,-0.07675251220315493,-0.26113535272102195,2.9468403508036394,5037.577125287749,0,stop
10.037522910486999,0.00010902542449367051,-0.562880972306183,-0.15665975511280714,3.0771675903282536,5037.598760198795,0,stop
10.037278399878016,9.828779208082093e-05,-0.16422850701028135,-0.1751872009007965,2.938480943831064,5037.352798222492,0,stop
10.038322191446548,8.952404732703677e-05,0.14423147044457307,-0.3010200306695169,2.8170968532542116,5038.400097166778,0,stop
10.038479084972783,9.383870991012559e-05,0.21984800789129721,-0.16904581024739496,2.84199910320596,5038.557808907296,0,stop
10.038336576218994,9.130938591037809e-05,-0.11234579818916446,0.11459084855375136,2.9737399101571866,5038.4146263421,0,stop
10.039646537026501,9.736801101753127e-05,0.3929274821277189,0.29431017218042504,2.932558296154498,5039.729997821962,0,stop
10.041031074290379,9.006647253879882e-05,-0.24307123252860885,0.5425153911494818,3.0078089698549166,5041.119755066878,0,stop
10.041509465129737,0.0001004528227990625,-0.558336534919694,0.3835002972215948,3.090099234994705,5041.600639555643,0,stop
10.040645249024587,0.00012418856900526216,-0.4431996505249214,0.2729169893328039,3.1113304163463344,5040.734060266452,0,stop
10.040535524364927,0.00011567492595701583,-0.2840153458848156,0.2470207989767206,2.978278452805952,5040.623464548001,0,stop
10.039040624829653,0.00010254431277552309,-0.12679973540351996,0.3444827627813371,2.989009556765063,5039.1219605646465,0,stop
10.039351243130525,0.00011135921767650398,0.2964650750867235,0.4322862996154931,2.9058263826227737,5039.434237108206,0,stop
10.03981811154322,0.00011352160551384832,0.23666078431816162,0.34938193772521553,2.930065539981597,5039.903061723839,0,stop
10.041424451026648,9.249049862044145e-05,0.13014304859091785,0.25704279573048194,2.9035444245116344,5041.514874808722,0,stop
10.04043523887959,9.690574422900581e-05,0.212197229668718,0.2632582629757312,2.9536691586081947,5040.521834593967,0,stop
10.040362514578646,9.284975896694134e-05,0.30138829357934105,0.2506972731311172,2.9800725309022065,5040.448613695752,0,stop
10.039999738681466,9.187675820861311e-05,-0.2349796709901022,-0.016594382534522854,3.090560986720697,5040.084331474106,0,stop
10.039727974758,8.35286759818483e-05,-0.03388173492144686,-0.21372773899227165,3.0048893071513114,5039.811066790718,0,stop
10.038930348967481,9.606348505599464e-05,0.4036081610910589,0.36978354069157077,2.9583828994080554,5039.01093074527,0,stop
10.0404678218678,9.33187548345362e-05,0.1879185611921912,0.27878252547355764,2.9136691586161954,5040.554370035878,0,stop
10.041662891998525,9.116225748133322e-05,0.21970822730999418,0.017574561109342735,2.9196815307412094,5041.754239939884,0,stop
10.04125214868958,7.809139010333106e-05,0.26975350796663733,0.235656722795824,2.835373512280003,5041.341140247661,0,stop
10.041019654955608,7.971060653170218e-05,-0.08294076532045391,0.5415924668027411,2.9990827276268766,5041.10777109057,0,stop
10.040121005042984,9.437420554786217e-05,-0.11678650266957202,-0.3908464889157034,2.9232977200881676,5040.206208505545,0,stop
10.040043997988482,0.00010856918433191754,0.03620699055117793,-0.4002133572711036,2.9445837806929585,5040.129602536442,0,stop
10.03857442041993,0.00010927810598487122,-0.18399897725330794,-0.10873641150598842,3.026637119482095,5038.654283620765,0,stop
10.03979961100802,0.0001070713799255433,0.035855034147149745,-0.27997588787875566,2.9759397105760965,5039.884165028836,0,stop
10.038285818897318,0.00011206637532344701,-0.28043785565613444,-0.1328137272725315,3.068117797896738,5038.364712412517,0,stop
10.03769304435514,9.382191216349428e-05,-0.18020189178397095,0.3003560359465069,2.966217382783771,5037.768773730387,0,stop
10.036755832356086,6.961725170966419e-05,-0.18876490052640182,0.47949851567837903,3.1101972794097104,5036.826862779281,0,stop
10.03637567297834,6.922228490361366e-05,-0.1094284788161386,0.42605753594241547,3.0601935900725707,5036.445293571816,0,stop
10.035165432521817,6.0562079241405694e-05,0.11676673211048127,0.49425883636079915,3.0249040292969642,5035.230291008002,0,stop
10.037627570460115,7.796109788421475e-05,0.7595195009776003,0.6883457265493674,2.792305511958963,5037.702260217948,0,stop
10.039414310696843,6.790631174310549e-05,0.5855220837239892,0.3944062891677547,2.8060497658478436,5039.495380406815,0,stop
10.0393100776203,9.732875515301073e-05,0.5116647940597021,0.10229138855160663,2.824583795143907,5039.392208168183,0,stop
10.039253562399836,9.917689688509522e-05,0.4851557099483843,0.2249249088837444,2.9123054975080156,5039.335563352733,0,stop
10.040729820437367,0.00010603769724075228,0.19831070577277732,0.051053475782620296,2.8308349840581832,5040.8180682358725,0,stop
10.039405157151375,0.00011409211648319626,-0.14679614761802595,-0.166966768473491,2.8230277935484818,5039.488500077706,0,stop
10.038802533552815,0.00011704029431995109,-0.21804271628646532,-0.08429049841706734,2.9420698403120067,5038.883667398036,0,stop
10.038318527066515,0.00010273069457003553,-0.07263316480844662,-0.3096860743497708,2.8972077474677667,5038.397079077072,0,stop
10.039887802363005,9.7823412703613e-05,0.37607375164086765,-0.6784881790542198,2.776401476769037,5039.972245372507,0,stop
10.038632415055641,9.071794802154098e-05,0.14143019922605982,-0.6255384651638484,2.903199690100104,5038.711574127693,0,stop
10.039423531827687,8.655894763091565e-05,0.8794001909015621,-0.05497869862580465,2.6209134668722243,5039.505570518156,0,stop
10.040008789449436,8.016639070574264e-05,1.2727334927619527,-0.08427959602483323,2.518200881252464,5040.092832930631,0,stop
10.040549325759905,7.471075882874381e-05,0.06481635546518927,0.44562487981530907,2.8799745009301487,5040.635273688825,0,stop
10.040664242155662,8.828394557359518e-05,-0.18378418553756237,0.18086903408055413,2.8801432969021494,5040.751335382444,0,stop
10.041927823879739,9.144534595813634e-05,-0.25924484668198833,0.07432960519981985,2.976370867852605,5042.020293267801,0,stop
10.041982631986473,9.334395449251602e-05,-0.34805070365331314,0.06385591711924378,2.976370867852605,5042.075426253624,0,stop
10.041649479925576,9.696575264629862e-05,-0.48389595230225435,0.15187904067905122,2.9889546775119022,5041.741062172111,0,stop
10.041108201826605,9.219367099957742e-05,-0.36391211458460315,0.29301373618199816,2.9746971086542833,5041.197305723024,0,stop
10.04108560353134,7.935886097974057e-05,-0.216567237920815,0.5493130243060589,3.052265340376505,5041.173972815264,0,stop
10.039268918469137,8.135101703700073e-05,0.326814401655271,0.694238065362046,2.9100802621352515,5039.350088417876,0,stop
10.039611860436025,7.572727029448958e-05,-0.498550319486871,0.30337112013183076,3.129806279232711,5039.694101773901,0,stop
10.039213788076825,9.155846983445062e-05,-0.42036967858914753,0.2871217644859445,3.1195960569985597,5039.295252059083,0,stop
10.040638741044507,8.806268627277202e-05,-0.3970494702349736,0.15160437834916674,3.048101925600907,5040.725719542504,0,stop
10.039543026223692,9.520179006258195e-05,-0.5019315482895488,0.21015348900056666,3.101664117957351,5039.625968859338,0,stop
10.040187470082435,8.8385433381764e-05,-0.5410384690444059,0.1292033055074025,3.106495616360108,5040.272640991686,0,stop
10.03793561370549,9.432583904687201e-05,-0.42096606188867103,0.13240503227884676,3.081916916611835,5038.0122855368,0,stop
10.038778397017188,9.791512385731294e-05,0.2733496843484051,0.3649746918444665,2.7907993985824655,5038.858480977142,0,stop
10.038637589910104,9.546717293908277e-05,0.38496892351089196,0.36281620582790475,2.754130924801137,5038.717006436457,0,stop
10.03839512326142,9.127917142994567e-05,0.5905493850416583,0.5203466141029648,2.689689276433204,5038.473396494504,0,stop
10.038207317669121,0.00010372896560748589,0.1909871467592561,0.1936021810898952,2.7734806639152563,5038.285494073576,0,stop
10.039475738189674,9.694274826046763e-05,0.23387315564752154,0.3385817538953674,2.958007771534887,5039.558502022368,0,stop
10.038695724619044,8.948241643714466e-05,-0.4507601557111318,0.2243465703983994,3.0713304163543356,5038.775066695056,0,stop
10.039203307067622,0.00011483872515109621,0.2227934373645084,0.46729194777119837,2.9179771915203494,5039.285893968131,0,stop
10.039736150968993,0.00012426301853340907,0.3459371146822394,0.4733248729795782,2.915924988438442,5039.821312204611,0,stop
10.040350326839222,0.00011711637263909616,0.27524559804479765,0.6422158552282754,2.873090799445485,5040.437590101656,0,stop
10.039770355473827,0.00010644464566837003,0.8380505801018918,0.7630618863486108,2.797405666885087,5039.854761764836,0,stop
10.039913381869617,0.00010218497493383905,0.8844485881688042,0.720385372450346,2.8575312976792415,5039.998145020977,0,stop
10.0394085321818,8.115543206969478e-05,0.18475606545371948,0.3570955253780955,2.8327967079762613,5039.490241573839,0,stop
10.04010405563654,9.946353047591582e-05,1.7373617332114364,0.7948658049741164,2.6638646876065906,5040.189445576989,0,stop
10.03988954279872,9.784269783056101e-05,2.0123089782429444,0.748863809325493,2.5916718781322947,5039.973993714847,0,stop
10.040388466686982,0.00010667901219207362,1.3019963173050026,0.669809313869922,2.694373587360702,5040.475362049657,0,stop
10.041029040190368,0.00013224376656816917,0.7938777078034427,0.42378433268720195,2.828578399520558,5041.119821485644,0,stop
10.040472623579353,0.00013717003259029512,0.6760396859325613,0.5174466907778058,2.9496533555965456,5040.5613837439505,0,stop
10.039064353595458,0.00012651637879811426,-0.041774752186607866,0.24960110628393173,3.112949296291493,5039.14698060049,0,stop
10.038955850586822,0.00014927382334008516,-0.18437753409624547,0.3342162066660974,3.158242546412242,5039.039192192736,0,stop
10.038714625075224,0.00014169822391426977,0.0070111519823976565,0.3276692739475911,3.122753796202993,5038.796651096157,0,stop
10.038097979646786,0.00011632945898643395,0.12615986818715763,0.38692927340506855,3.0591501775843986,5038.176368922394,0,stop
10.038438071227697,0.0001282725681853566,-0.28191064509305974,0.32948652999246686,3.1009094104773665,5038.518359122091,0,stop
10.039048627693925,0.0001243043988025535,-0.4018537503913837,0.26158173494405257,3.1009094104773665,5039.131082680105,0,stop
10.039188299151716,9.06797342391978e-05,-0.3608878994756437,0.2401771107401877,3.033294030719023,5039.269619277949,0,stop
10.039360755097205,0.00010143930104959702,-0.431281410963539,0.19264754045811552,3.0943175290234626,5039.4432905143485,0,stop
10.039533675608256,8.951148034497704e-05,-0.16695790519012244,0.10508303645133413,3.00381435105132,5039.616296757629,0,stop
10.039015989096123,8.345803869082283e-05,0.18174519296853253,0.08204993667348344,2.9785714085599433,5039.096274368316,0,stop
10.04029170288794,9.188828059614866e-05,-0.1425283029506832,0.2989288870927665,3.122292044477001,5040.377468368049,0,stop
10.040079460980381,0.00010680170553860959,-0.48465455686674197,0.2937827506826624,3.1783681772143972,5040.165119225282,0,stop
10.04020110921856,9.560220397035635e-05,-0.3206170402883717,0.2583986218950043,3.1044983069583085,5040.28669578788,0,stop
10.039169027154703,0.00010592445637841391,-0.48999557709867325,0.32006353268853116,3.1668899181045753,5039.2510340119325,0,stop
10.038734141863726,0.00010409823649568123,-0.441352281045551,0.4183594187353559,3.1040671496818018,5038.814363462847,0,stop
10.038318331334276,9.278572777890721e-05,-0.3536511227795658,0.2712792481137982,2.924255658873695,5038.396385346478,0,stop
10.039219426537677,0.00011641997658735407,0.6068302875434153,0.486081154583988,2.905861968106494,5039.302155707403,0,stop
10.039406934478599,0.00014249992663593788,0.422521403295407,0.686745230044226,2.977734528960782,5039.491704799181,0,stop
10.039960747771808,0.000135452680546252,0.5482705000533392,0.7185464947332211,2.9456038575397856,5040.047363473961,0,stop
10.040796785701431,0.00012516958780683983,0.69014070031248,0.7394542326510591,2.9357372195669864,5040.886263067,0,stop
10.039255638370499,0.00011711654497118252,1.5093934727179743,0.8657684617201971,2.735909130601558,5039.338544454939,0,stop
10.038346362370685,8.60202630581208e-05,1.879095809104716,0.9431491267749846,2.69243114278512,5038.424185559192,0,stop
10.037685265130271,7.489987175972864e-05,0.16904140712451055,0.34274588097944597,2.9642556588656928,5037.760019084257,0,stop
10.038872698299244,9.001430994639141e-05,-0.24566127476404542,0.2788658946822233,3.000756486825199,5038.952753348393,0,stop
10.040168540329546,9.865498535935224e-05,-0.3340499434475013,0.21501850832688327,2.982362796057998,5040.254148660424,0,stop
10.039756324922108,9.612077183235887e-05,-0.5290324730592313,0.48044844353989774,3.027656046178747,5039.840159229264,0,stop
10.040658550312864,0.0001060604824767125,-0.5877670853951256,0.01941104554609256,3.0642086527957884,5040.746509222666,0,stop
10.040314399578163,9.093351811842818e-05,-0.2184723505153099,0.11215499303056965,2.9777345289607826,5040.4002087947365,0,stop
10.038226942117065,8.445105987965371e-05,-0.027101230012605004,0.20362103776027038,2.969724107145537,5038.3042296252415,0,stop
10.037697171864343,7.586543313858776e-05,-0.3145875590925695,0.04382302136697155,3.0674739990732554,5037.772018974328,0,stop
10.038724984634689,8.459360349020174e-05,-0.3817756820739744,-0.22202119001159526,3.103199675633155,5038.804195536611,0,stop
10.037382692195422,7.946192170207294e-05,-0.43300881564140825,-0.25724015026142266,3.0609094104853667,5037.456538575295,0,stop
10.037124354477582,0.00011717732088748753,-0.1183327769999547,-0.3976888274310124,2.9114686179088536,5037.199124228395,0,stop
10.037869551286144,0.00011032922446410086,0.28094571734001317,-0.5453543094543268,2.9191648997620545,5037.946772893098,0,stop
10.037688963440155,0.00011861289756842077,0.07869764056117345,-0.3981812981574787,2.979870039885097,5037.765916983294,0,stop
10.037496639049426,0.00012907045623171138,-0.04103477911180997,-0.5319338828131701,2.9016641324242998,5037.573392469238,0,stop
10.037530656467764,0.00012115299400710728,0.15215387342867626,-0.4041106774074027,2.897906439971355,5037.607141626209,0,stop
10.040110638648008,9.566161998160038e-05,0.339698239117487,-0.26012511759652573,2.9390331602939366,5040.195864895643,0,stop
10.040957217746547,0.00012429813385252198,0.2931347774033424,-0.12863990519687982,2.916965099343145,5041.047307337518,0,stop
10.040275575582864,0.00011684097343980256,0.5438656565038098,-0.09766914663506822,2.842258349487897,5040.36252373096,0,stop
10.041476658347529,0.00010810377993656846,0.3329754176063475,0.09001126397653393,2.945486840225323,5041.568079195909,0,stop
10.042043834795942,0.0001252935903078518,0.8280050834348129,-0.2812352044140608,2.7881141802880802,5042.138483677675,0,stop
10.040426384339236,0.00012329540814831491,0.6676740027800889,-0.16411436784364475,2.8108812353967068,5040.514263737183,0,stop
10.040136058684023,0.00010501801392929893,0.45934384507960546,-0.3505255628875924,2.914164605387297,5040.221854745057,0,stop
10.040018113538302,0.00010851504411973009,0.24451429660588309,-0.2935811577871197,2.9278089698709193,5040.1036117610665,0,stop
10.038786807120315,0.00011016036331888447,0.38010319997633557,0.0179640511340254,2.8819169166518375,5038.8675359588115,0,stop
10.037959128518308,8.222749642207785e-05,0.10377292204612987,0.4050952910640975,2.843215547984991,5038.035284665022,0,stop
10.037957025367167,8.432708261409164e-05,0.46230166762837843,0.4779152082228323,2.777014666716089,5038.033278510034,0,stop
10.038012835202544,9.490372647576626e-05,0.4180134148095118,0.5108782069261042,2.901150788601668,5038.0898291708745,0,stop
10.038505532114593,9.442657819839649e-05,0.41834478093759797,0.48583594720126433,2.9499980900080733,5038.584387243674,0,stop
10.039702228101754,9.515924253213785e-05,-0.0716831007137646,0.42451899078521443,3.092265340368502,5039.785799409692,0,stop
10.040567834043209,9.874652773992051e-05,-0.25663311630608243,0.3114534651836004,3.1285636773108974,5040.655058827545,0,stop
10.041849843885826,0.00010826414437953448,-0.7223202331872125,0.06595106656767151,3.1856587367449447,5041.942827564709,0,stop
10.042497550090525,9.706492973077351e-05,-0.7395690974496918,-0.0505357818441072,3.0832704271901497,5042.592705425199,0,stop
10.43903073703833,1.457055805941402,1.7206207422491024,0.8480788128645564,2.7101700154775963,5521.520926738621,2,atras
10.382452990579836,1.4755598603037554,1.7423673929687356,0.9724235043439886,2.6970002943103153,5463.544498095195,2,atras
10.425353838817582,0.5981346098211019,-0.8101077848466556,0.27978091175338926,3.206104616167106,5464.306863718479,2,atras
10.34487943882825,0.46665396379859786,-0.22419761579128306,0.42405295525753256,3.0286344433108394,5374.159228384504,2,atras
9.935698570260474,0.4427794497175194,-0.8719733532623883,0.04516940961546033,3.17533760585429,4958.0442764396785,2,atras
9.609689364138355,0.6719518601265844,-1.060258541656408,0.1599439608829772,3.1746938070308075,4650.904076768022,2,atras
9.4857316275525,0.6709611223821037,-0.9401408547777792,0.48708703759066213,3.175533988213438,4532.503281616594,2,atras
9.308552289348068,0.4310698703585675,0.2944430434316123,0.7901324235188332,2.8874887212589133,4354.010779694286,2,atras
9.143094392404171,0.16077685398780286,-1.0530862446391702,-0.564720335492967,3.117922297800237,4187.847596120019,2,atras
9.244064890766513,0.20395708449640437,-0.5940113406829357,-0.38538178261104633,2.8896692279083767,4282.834639459925,2,atras
9.489684120300915,0.11726674939324366,-0.22555783830010734,0.1726842889234054,3.0009597181307393,4508.568572624229,2,atras
9.631610016548079,0.09402616808342139,-0.04591841754218873,0.13921002390803497,2.9534659273026502,4643.0968839476345,2,atras
9.656456456581623,0.09227572061351523,-0.02942316293997349,-0.0005546437810909264,2.933395175753659,4666.971350923523,2,atras
9.711497785087607,0.09165614886668129,0.1707295237946287,-0.43534842463540907,2.9244581643177505,4720.242268931409,2,atras
9.755355004836527,0.07255433144243803,0.07520531695956212,-0.2542902612151615,2.9289693996735564,4761.975280091575,2,atras
9.67226224712471,0.09153646228560638,-0.21459590775662551,-0.34728866207440495,3.0910227384466897,4682.209671971977,2,atras
9.424095092474477,0.2967829904096645,0.5042500190029648,-1.093560464168099,2.7674032764341585,4455.51756512056,2,atras
9.093434313433368,0.6347333510623413,-0.8877010611813874,-0.5922110435099615,3.07049024959865,4166.264048189488,2,atras
9.141882302211323,0.7504880060107169,-0.9217639574077037,-0.3311313367045134,3.195408357403284,4216.225001674767,2,atras
9.374975802749352,1.2715843224158763,-1.1408044770263723,0.04461955506664123,3.2382425463962408,4458.087781227586,2,atras
9.557042923541005,1.400166918241712,-1.2995460362542082,-0.30300791089804013,3.213020047824485,4636.861818032346,2,atras
9.823572021771112,1.1404329829937228,-0.21941597082633768,-0.8976154266451462,2.9943334013432974,4882.150012495894,2,atras
10.306479215926451,0.29309305825545695,-0.653684185058875,-0.13716895595299575,3.1262461192890965,5325.830344328969,2,atras
10.385184604403598,0.23408180303871506,-0.7553010905544486,-0.10989779111775919,3.1453384881329405,5404.307053529011,2,atras
10.271583099916688,0.15371533103763788,-0.08260824490101415,-0.19016290121732973,2.8903789396632122,5282.9567354765895,2,atras
10.233578325922911,0.13464944842795748,0.4048496487605848,0.12075796877232012,2.9066439684524914,5243.038740061356,2,atras
10.297081998153152,0.08792048386227093,1.2410103899804144,0.7271908084451267,2.7222227784551265,5305.890908027598,2,atras
10.222389908176478,0.05158056967422736,-0.8364202124966842,0.4904990558871533,3.205533105934789,5227.441800223127,2,atras
10.196292194865231,0.062218425960597304,0.005246187059405383,0.7678178080774313,2.97032291024387,5201.32964745151,2,atras
10.390015732809637,0.3013886243415824,0.45591278875041485,1.2751588356473802,2.668578399552558,5412.690777618668,2,atras
10.648429671977496,0.410238873909085,-1.2779461674565096,0.409669864338416,3.060685735260204,5689.964667647994,2,atras
10.744723267764103,0.3848893117772296,-1.2725793947294697,0.06706116310735939,3.059235651287045,5791.698370630427,2,atras
10.67159642549695,0.5422357169605985,-0.7693458814647101,-0.37246025785231596,3.1300443557335402,5721.260299281993,2,atras
10.371257756889763,1.1210123754664554,-1.2600720631486702,-0.4015647663832504,3.0045130435549106,5434.1999917656285,2,atras
9.811763078485555,1.237598971258443,-1.4473837383271169,0.24934962948821848,3.0950995293694623,4875.4146839795385,2,atras
9.362331954893767,0.6577065711748127,-0.5862798558272448,0.7977864594204755,3.041678840119005,4415.548310239987,2,atras
9.065349172170588,0.20965141211737945,-0.09429152971846211,0.6855007739193961,3.0287166010030706,4119.510351274567,2,atras
9.126920929859915,0.27395063774624995,-0.6484609136223014,0.6015394691441772,3.1758542368334446,4178.73181488306,2,atras
9.318184325215695,0.28209937798714807,-1.106766502540742,-0.09429017034565097,3.24210999735551,4355.532924834132,2,atras
9.573316562340143,0.16342341722828008,-0.8682595521744143,-0.4181583312955242,3.073871649601301,4590.590671000217,2,atras
9.46537765511725,0.34254262384332756,0.5962720643436557,-1.0905511343509011,2.6102407526236444,4496.795838891812,2,atras
9.289795719298084,0.7079857575662678,-0.04970326724214891,-1.0720050144713185,2.6598344544653805,4350.414513192764,2,atras
9.458207795129603,1.0709828796869079,-0.39978102107700453,-0.38880934724836436,2.90571361605411,4526.433878776863,2,atras
9.677204177582027,1.4172713562754367,-0.8253304687629335,-0.416734323909099,3.1661046161751067,4753.277602544324,2,atras
9.74103552761094,1.4738271771613034,-0.876465484692619,-0.5228037944765683,3.099903734906205,4818.080016366993,2,atras
9.977920849138878,1.1045406946599634,0.804753417333063,-1.0789078857071153,2.7992198078931105,5033.172258317013,2,atras
10.344715561919504,0.3054532101812216,-0.796165503307519,0.3237421361711339,3.1476560461547445,5365.92966336004,2,atras
10.289911855582602,0.2390333415982178,-0.19112763540082112,0.33929115106717245,2.799599387499925,5306.065966862882,2,atras
10.24071933948597,0.16271974429911285,-1.2480273143748715,-0.4059852806367017,2.9395286070650406,5251.752616721054,2,atras
10.291557714498687,0.1710177891620941,-1.0556858317005042,-0.3996688784624631,3.035783485308455,5304.358899000978,2,atras
10.619830880138622,0.2755940394456195,0.9704674081399758,0.6724808683815067,2.861867363737842,5652.820098109575,2,atras
10.930084953828755,0.355123561342309,-0.9037334615048587,0.5204029606984897,3.179205056813558,5991.094032962801,2,atras
11.021928760469274,0.33340660181610354,-0.9271142065911309,0.18034208814504832,3.262824547727985,6090.81601013379,2,atras
10.891122745348905,0.5578274664709645,-0.4552459144926049,-0.35689187589524435,3.026495630803055,5958.719106036363,2,atras
10.606230793042991,1.1375839604922375,-1.1193316107217441,-0.4400493058528881,3.0714686323037976,5681.485779789281,2,atras
10.110466252662713,1.310666295105398,-1.4773735096008747,0.2405390499751315,2.9359091305615554,5176.609707066849,2,atras
9.551692882742834,0.7517164354516688,-0.7635599826776205,0.8610885616091052,2.6783731339627943,4599.327668084589,2,atras
9.204858070321684,0.22797692556400884,0.6432936592184708,1.3035378505616988,2.67630013078656,4247.869451016513,2,atras
9.173687479641375,0.14817674265276573,-0.6071418103276383,0.8030186260349543,2.9564484683559913,4215.235935839084,2,atras
9.333137320446756,0.18382397862784525,-1.4131526927552283,0.20388342368207557,3.1048767364149485,4364.5638110471955,2,atras
9.540072626354196,0.19070601998011993,-0.8775208387126661,-0.24294715284034932,3.032949296307495,4560.184586804637,2,atras
9.642584200710557,0.12159301012674067,0.12196746575820283,-0.3499676950141928,2.8883673094266995,4655.05115389598,2,atras
9.498543593394745,0.3197849341272638,-0.004170218276005944,-0.9556873225035438,2.9360574681869895,4527.10576648738,2,atras
9.357702709313989,0.33112872108473934,-0.7343293951607874,-0.4136655411548091,3.169400556902058,4394.8864358493565,2,atras
9.27374933940059,0.28947310219123173,-0.4624286227585004,-0.18452634759946088,3.162753796194993,4314.594995611206,2,atras
9.345243780888689,0.5650726295372668,1.974057493710835,1.240034030044156,2.699721716742613,4394.932697688801,2,atras
9.607890234267273,0.92779631874855,-0.6127990550192441,0.6287273838175907,3.1234086287046643,4661.967553623849,2,atras
10.020460302499965,0.7591007823821475,-1.2051787682058563,0.2804278375226503,3.120756486801195,5058.436272817991,2,atras
10.255571882886272,0.5426038542665096,-1.0540876392942073,0.07673465904187833,3.2284380464847406,5285.9679249657,2,atras
10.458088959861175,0.35881378573458095,-0.2716775370621285,-0.1412764048312068,3.0097514000035535,5486.521923905241,2,atras
10.573196805328987,0.23295281158003633,-0.7715881876814481,0.049300172194924996,3.060909410485367,5601.272174789957,2,atras
10.696785567735875,0.36094010240167945,-0.14990033103966605,0.5311889829576719,3.066120488494941,5739.108079226208,2,atras
10.807953347383336,0.42769500573210584,-0.682309143017688,0.4118763573181605,3.0550173572582855,5861.977528247339,2,atras
10.626261433824935,0.7641252911500664,-0.6675994169719459,-0.19600228789533497,3.158438928771392,5684.077867557259,2,atras
10.268694304133556,1.4703969918368043,-1.139803700859097,-0.22878998834237016,3.190490235147702,5345.823985179087,2,atras
9.839380203552253,1.676606094805106,-1.2126027095643406,0.41487660828886785,3.076128219711982,4924.500444243053,2,atras
9.418958491164505,1.0381073872512898,0.4746372511300643,1.0894919921568758,2.8903891046200196,4487.74432227656,2,atras
9.246281316146842,0.4852169037211601,-0.6030966498876373,0.28609460393825087,3.030713910404868,4298.9467540523665,2,atras
9.339574724819967,0.5212568347322459,-0.883782392726649,-0.019978622513099047,3.213020047824485,4387.44564376141,2,atras
9.498929291025277,0.3817461927997523,-0.6496267112400762,-0.009673654467765786,3.160381358920028,4530.570193434888,2,atras
9.575726734070109,0.2709092916377743,-0.7678337118299017,0.42989704951125907,3.074626371508232,4598.272588861138,2,atras
9.478444468148506,0.36217874466894434,-0.9411061706584527,0.2944566968910905,3.120756501228142,4510.154414022197,2,atras
9.273827847685597,0.19129501971278434,-0.2835045204132425,0.40506791675311976,3.044974795272902,4309.758898411083,2,atras
9.270955083645637,0.1838503486847755,-0.43246372029482094,0.3147932174142524,3.0670428417967486,4306.722925582982,2,atras
9.380645240225991,0.23247013182014997,-1.0365079258068715,0.0046270745473402835,3.1399037348982044,4411.448762739734,2,atras
9.607602785099761,0.31974409512760005,-0.9468097588673752,-0.39934557041539304,3.079919621636982,4631.288768569214,2,atras
9.921939867729566,0.1960088500120285,-0.49504480373317206,-0.3822294726812033,3.001596682434776,4932.044979442671,2,atras
10.109609025823609,0.09236577955186238,-0.9720099737019265,0.05195666972189039,3.1758542368334446,5114.828021728302,2,atras
10.2068189657981,0.06809197067668488,-0.7290126366465399,-0.2097737907140735,3.091428460769341,5212.362268562622,2,atras
10.33659506033787,0.06180223311247641,-0.5569326691846084,-0.43234548392712546,3.183984977546623,5345.349983725686,2,atras
10.487748966610395,0.14069464124368733,0.34259650228882954,0.522408298597751,2.9012329607208462,5506.678651394055,2,atras
10.706538222948518,0.2768243116733636,-0.6692003683133785,0.4330576146493055,3.145658736752945,5745.339251556549,2,atras
10.848394069717648,0.20770719640501206,-0.6611197316195545,0.27322427119731824,3.1163307107210922,5894.768054414501,2,atras
10.762666423105172,0.37303357079656135,0.3197161601596292,-0.6973911646500969,2.7890401656814956,5810.401105291601,2,atras
10.535472630670395,0.6569054152596991,-1.3040118853359888,-0.2908299221329568,2.965811674888064,5582.6544483432335,2,atras
10.396305129549065,0.6211711919206276,-1.2785943170129017,0.06599498675397036,3.1094713084670547,5435.216576930439,2,atras
10.177790403485295,0.5003583974409522,-1.0399748389876922,-0.09389964803888219,2.904498321425259,5204.388794735915,2,atras
9.535705698670478,1.211699746566975,-0.56358409433376,-0.5015972818595661,2.9607776710412526,4607.0691459111795,2,atras
9.361294941901981,1.1953448723727869,-0.7175573686672023,-0.11301275429916402,3.085405938114464,4441.45939308262,2,atras
9.391873030041088,1.21413614572863,-0.7672057417632643,-0.18562190815359664,3.1416641179493503,4471.07075790709,2,atras
9.31755948501363,1.0690121358769122,-0.4929170949610624,-0.20570654313485662,3.016691116464608,4394.296344632219,2,atras
9.195955192661405,0.7321337041195443,-0.4549337074404809,-0.8807477839644573,2.9857442249145407,4264.88628047779,2,atras
9.25416105765234,0.5751433986821779,-0.6401665804728309,-0.7476741693916341,3.0254868402093225,4310.7320139825615,2,atras
9.399398444622808,0.6344718756075318,-0.3065202263861284,-0.975048070195967,2.799079426083409,4449.158149819258,2,atras
9.48908242832965,0.7292290142199984,-0.32666521005026894,-0.8935063089146191,2.7879762948467537,4538.595717292727,2,atras
9.462012708022009,0.7372114169050209,-0.45572848431757373,-0.7697580713291249,2.9163307107610943,4513.344795183751,2,atras
9.561643658225272,0.8624054283158137,-0.5913653769606344,-0.7029534462543615,3.031468617884852,4614.371743759769,2,atras
10.005342174978471,0.24762015458926892,0.020764679216649373,-0.5149859806598319,2.999599358606032,5017.724609649611,2,atras
10.107291883980563,0.16897581268176468,-0.0905444740056276,-0.30624721594245075,3.0133951757376587,5116.316252033056,2,atras
10.29784601177004,0.26904483735813045,-0.24475559416169812,-0.09818908506181749,3.1143028068698104,5315.733865974313,2,atras
10.401687254618952,0.20022943495768206,-0.5353035047077235,0.06248212689955913,3.0402398558380423,5419.766358893,2,atras
10.4205587864792,0.16791904569726906,-0.6768113288387929,0.45469010955491257,3.179205056813558,5437.798223408308,2,atras
10.625555534520217,0.2596131822215419,-0.8491780065689434,0.12541875302717703,3.0175312976472406,5658.102179969736,2,atras
10.948951265134417,0.4090597927125551,-0.7348253950335217,0.042323190419598984,3.110951986889695,6014.429679950056,2,atras
10.936772100426774,0.44613302226089824,-1.0100717278611409,0.07718908166163914,3.213020047824485,6002.9558499467175,2,atras
10.8210364433265,0.6638352033329606,-0.726017353446021,-0.2900772409677655,3.0183681772464013,5887.933245556659,2,atras
10.400464047751884,1.7886818331597174,-0.8925033894783931,-0.6204447978321027,3.0634233508663193,5497.916712086961,2,atras
9.843121811786835,2.086497589518206,-1.459160136293513,0.17143675287072885,3.092320219621666,4948.677229559598,2,atras
9.321139171020526,1.1474467901775909,-0.78891600073979,0.554149945658518,3.197780794678249,4401.554111785542,2,atras
9.13925271515614,0.6446739603323992,-1.2852943303749778,0.05877175132690825,3.1012023662313584,4208.530707591064,2,atras
8.920847839328593,0.5562679860166633,-1.0296869474747654,0.5018044232147357,2.9599744864872015,4006.8897079235135,2,atras
8.893086923959842,0.5920192415231479,-0.9655840529620874,0.4417142975384738,2.9569987943802545,3983.9507139314337,2,atras
9.147306875019865,0.6909693395568246,-1.262975510599586,-0.12464413875889856,3.151874340183502,4218.2096202671255,2,atras
9.45620502148745,1.090422358208144,-1.1539874897031535,-0.1343175090640989,3.0452128573467854,4525.51178833063,2,atras
9.502897355970688,1.2132709715563283,-1.2867203004616752,-0.08781770150247575,3.1738569274316464,4575.916456483552,2,atras
9.80722600435063,1.063108448757232,-0.5127660274611574,-0.7201826551125846,2.984821857185786,4862.2395174584235,2,atras
10.252234167252192,0.33604214131490445,0.7637404516879198,-0.5416835992701111,2.819066869789994,5272.21737807441,2,atras
10.369106724749177,0.2080068248847082,-0.043100412406232635,-0.01860267053573826,2.877515425375413,5386.319054706167,2,atras
10.269958548745006,0.1500676995334563,0.20036681957916436,-0.1454108717579811,2.8120628638343446,5281.105814623703,2,atras
10.341621473510196,0.11473588333032984,-0.8442615615224089,-0.06181099905029789,3.131022738438689,5353.193529234876,2,atras
10.393693078988298,0.07865705032774666,-0.4321708379918352,-0.15076412100499698,3.1151702809184543,5405.375643526848,2,atras
10.538397292540703,0.12623672289165674,-0.16984987919095307,0.5842125297671826,3.046769599230644,5559.202710916044,2,atras
10.826013698659072,0.32793700081669075,-0.5386728295539842,0.6844428576562609,3.1418673492548916,5876.525480218526,2,atras
10.968392971168171,0.28761413319095586,-0.8896368076256436,0.416068133493909,3.147042841780745,6029.6629251581135,2,atras
10.801980908920406,0.5230878937040514,-0.8015435394970476,-0.12730139022305492,3.1117888664888556,5860.293972519247,2,atras
10.451139736867903,1.2934613187458968,-1.0222349172218208,-0.4628484959904005,3.2108812353167004,5525.989155914261,2,atras
9.968093759754069,1.6408544189082417,-1.4489192644529174,0.24525972591495307,3.065142105789791,5050.187381107814,2,atras
9.430060719764516,0.8906660270464161,-0.4007902327830082,0.8473541995073851,2.9884929257859074,4490.835560274602,2,atras
9.237444601766787,0.4036421583947022,-1.2845826756809204,0.22434663398054364,3.261147486946193,4286.701246455253,2,atras
9.144766392155129,0.3744171732078789,-1.2005968701688987,0.400537241299516,3.0900992349947045,4200.058477014892,2,atras
9.029956018123313,0.5262412045183548,-1.1664405599756202,0.15666752558454528,3.1975987475807592,4103.317344687989,2,atras
9.312848439366183,0.754108743209592,-0.7803599328902893,0.023880336384320282,3.1237321789081416,4374.162739890738,2,atras
9.584434598810493,0.9247519349990442,-0.8440983512408078,-0.38918046836768255,3.0559397105600925,4639.306925693735,2,atras
9.628599414273587,0.989752023296393,-0.9678348096793177,-0.4045878517939258,3.1129492962914935,4684.983935192303,2,atras
9.767394386657386,0.9413139226067075,-0.5069208329087669,-0.7433966085242117,2.940827238390192,4817.1653513556475,2,atras
10.186498811635964,0.24571960508194063,1.8072417295303556,-0.41416448551556007,2.70314479646,5200.523882227143,2,atras
10.230831227284918,0.13121769704013825,0.7164850654018782,0.5026700444295085,2.8557372340099345,5240.056264911418,2,atras
10.185078805154346,0.10698489710757157,-0.7748667825712086,-0.02525230394654992,3.220685735228201,5192.140758215594,2,atras
10.161711980915932,0.08255066177972047,-0.270597261162834,0.10243022963279616,3.077684221307407,5167.1470522435075,2,atras
10.395246137323658,0.29151529600940645,0.9528571325423019,1.285620440695603,2.7788848227005043,5417.632877577593,2,atras
10.471993223662503,0.30174930974347025,0.1549020806244319,0.9638562932367737,2.9667695992466454,5498.219569308842,2,atras
10.536972873930871,0.3009844416195328,-0.3366351926486586,0.7861856376669745,3.028000780590275,5566.439089378729,2,atras
10.485835701452624,0.39876363815810123,-0.5865296796741895,0.44032688395946185,3.059205056837559,5517.575699800826,2,atras
10.497700859405636,0.47832822617655063,-0.6745632467943024,0.021637276139733964,3.093911806700811,5534.0025779871185,2,atras
10.029865933161286,0.6384999346301755,-0.9425367052228055,-0.22998470114220004,3.160239855814041,5061.835528590976,2,atras
10.11879516176509,0.5184562171423004,1.2584582401482862,-1.0251864120275846,2.755225174670568,5145.423587145146,4,derecha
10.48153254632597,0.769974378541395,2.0577753662305893,1.248035358207161,2.688243428778899,5531.6249449116,4,derecha
10.450517416772286,0.7943288901509955,1.9492262568749998,1.264269753735875,2.7042094075831735,5500.382158420594,4,derecha
10.679295686208313,0.971115334919888,-0.14973769062951892,0.52690866723714,3.062879427021152,5750.923584419368,4,derecha
10.567639974486417,1.1786456187458827,-0.49627953928871404,0.42397325202415304,3.0173897945412533,5642.68301245546,4,derecha
10.387722453219144,1.7204484248187304,-0.33500401946788827,-0.08952610325796616,3.030490235179705,5481.261309496595,4,derecha
9.980870347735568,1.3634641531818956,-0.5949694152530283,-0.2331205582266223,3.146495616352106,5049.061852574451,4,derecha
9.922763079290775,1.2642210817372284,-0.3683220760068675,-0.19383393068417717,3.0591501775843986,4986.272410473669,4,derecha
9.572863852696418,0.6269617847763975,1.043630213305371,-0.9361387205358883,2.6670428563037,4613.334206351907,4,derecha
9.587470569103344,0.5170998667357598,2.1571662282015414,-1.6417866526898082,2.5171305609268746,4621.834589007928,4,derecha
9.925692996639082,0.36096462975311466,3.8454993898019776,-0.964995336045221,2.417982162695691,4944.017304664162,4,derecha
9.675608453618306,1.0851498163224174,1.9655408000730183,-1.5503755492720486,2.387137809567648,4735.127438202622,4,derecha
9.835946752058582,1.5426024949400736,1.1178868486284985,-0.6375990327919155,2.514415587985424,4914.422550213591,4,derecha
9.859174034614096,1.878735719606646,0.06674637065400368,-0.48034864307392083,2.8536605451365027,4954.102418220772,4,derecha
10.05033148511387,2.1244481643577933,-0.20379174379825127,-0.6552573312407988,3.0025157197261665,5156.680556251448,4,derecha
10.142847268096055,2.2380970743127486,-0.2544525257880297,-0.7320168160925311,3.0078089698549157,5255.772388911817,4,derecha
10.600251443025474,0.8851080588688006,0.47187324852295465,-0.41008258580502277,2.9716215415690215,5662.521935711623,4,derecha
10.451056151446107,0.6540140275682771,1.0294680082809382,-0.6861354505163297,2.66244251515364,5493.929435412391,4,derecha
10.482275508445717,0.2759927604776377,0.45752243148323,1.0966206372091654,2.833465941753599,5507.704629771929,4,derecha
10.507321996901476,0.43832497954629235,2.7623225182412376,1.7798748485510765,2.516496513177712,5542.107026305797,4,derecha
11.126789738352116,2.589956636698462,-0.2465692634829404,1.2124733669490593,2.083187133974699,6319.770325909817,4,derecha
11.221849471161834,2.9150989906638345,-0.7292589086560337,0.7815326583536667,2.7094713085470574,6442.250227203948,4,derecha
10.816490175560324,5.1150123927707964,-0.29778057395338076,-0.14700455142218133,2.9761744999203996,6105.573605538187,4,derecha
10.823262073126141,5.260255284786535,-0.40696532765365623,-0.18299163103559019,3.0606857496871496,6120.162859417865,4,derecha
10.730064262994942,5.13991425599242,-0.3260390692003736,-0.09022808052443998,2.953465941729598,6013.709667199679,4,derecha
9.760689036034556,2.467982679914249,0.6021141107278951,-0.6034800342740169,2.7590827276748815,4886.951656903971,4,derecha
9.35832359081964,1.9593962000585907,0.19246255114730015,-0.7439533296699153,2.948871369677492,4476.880831527501,4,derecha
9.69879419157081,1.0267260927178925,-0.637276879265769,-0.150162829057505,3.0819381008198867,4754.666743158279,4,derecha
9.743686330292455,1.086702110437276,-0.5657583352893623,-0.04347300910670362,3.1649747808219533,4801.306270678267,4,derecha
9.828095462950907,1.2398724181104195,-0.7326610507794773,-0.041140253153648575,3.149333106936536,4891.566642349332,4,derecha
10.225604616351,1.2910633926041926,-0.7874653609739735,-0.4514206692193207,3.0832155479369856,5292.702658127151,4,derecha
10.558867843443302,0.674733030942861,-0.37709827186234657,-0.44458688679540653,3.125267736583946,5608.221158312193,4,derecha
10.64112232390245,0.45783473907019856,-0.031161799401179913,-0.07306386989562043,2.9947085292164655,5684.565952566267,4,derecha
10.706054673196387,0.32076418220451125,-0.6275269635979317,0.6029690315651941,3.087403247516261,5747.018542383735,4,derecha
11.295554021598088,2.124092957881692,-0.01816103168144556,1.1899298979669424,2.418997603768116,6485.68168063612,4,derecha
10.937903060569525,3.6374016881577744,0.03562108180449952,0.20634548333518543,2.4042201023478724,6163.756252528699,4,derecha
10.327644356381413,6.166978648594378,-0.6922171376096662,-0.0201873401005607,2.751320650917074,5641.3608300245605,4,derecha
10.36607842944371,6.205079519490733,-0.7164546884461087,-0.06840354902220518,2.8933402965084953,5683.033076243446,4,derecha
10.187241835820148,6.220020123947204,-0.7184344638311453,0.13337912697598306,2.839164914205,5499.995817271574,4,derecha
9.453117452546886,2.7423616008618614,0.13485238069462868,-0.6890779382951839,2.6841073068693135,4605.1895586254195,4,derecha
9.35992791403363,1.8494838910126226,1.0149545058324687,-1.2772185615398004,2.762292058975953,4472.886722345927,4,derecha
9.653860631764564,0.6097204428113661,-1.0430569364524183,-0.21233141978263137,3.213020047824485,4690.337277017253,4,derecha
9.428277423248925,0.6730621860825741,-0.8179023300288044,0.22302358872888126,3.2238029304411326,4478.2738677914,4,derecha
9.736488155780654,1.2986217987179516,-0.7378692828740285,0.44437950724568137,3.171397866303856,4804.891170318745,4,derecha
9.867686472745229,1.5790525294177293,-1.1115147392233253,0.3356688835031541,3.1235906758021557,4947.5144426908455,4,derecha
10.14051670713477,1.357084369423944,-0.949778942908857,-0.07208182585264344,3.1657294883019382,5209.358172855167,4,derecha
10.481994481592423,0.9386546819846968,0.4864618499219562,-0.5967578843714806,2.9113304163863365,5540.543149705937,4,derecha
10.77423829636793,0.33302809399360384,1.003282951920963,1.069201573104953,2.915630882534274,5820.861948045744,4,derecha
11.204861842495056,1.6967690842699112,1.887723735917878,1.6857958435071816,2.541808866884024,6362.284899683583,4,derecha
11.495933515145287,2.2012800192891184,0.054622847019686116,1.1474603796829759,2.74284823746029,6717.888370196489,4,derecha
11.048119837895099,4.204227043935086,-0.2691241517167633,0.026305263627921318,2.801962030419735,6313.258949821316,4,derecha
10.43611202042975,6.56842164643901,-0.9669658935312895,0.038264742500068526,3.2309519868656933,5774.042787469866,4,derecha
10.387853683525732,6.610390257176679,-0.9865740387057023,0.09542582000850793,3.235088108775276,5725.894720375788,4,derecha
9.796761021619307,4.178653155616487,-0.21374860142111585,0.12763899920062519,2.9788299289803946,5007.758983516792,4,derecha
9.33072188339527,2.408626936057871,-0.7813217798993097,-0.5850522210153813,3.120756486801195,4473.549890066462,4,derecha
9.477743263389181,2.038675242355436,-0.10289982380861007,-0.7763165630364521,3.092265340368502,4593.314630453722,4,derecha
9.796424460350728,1.181246826946511,-0.5575972009102399,-0.46808611873368655,3.1575987475887604,4857.558951715229,4,derecha
9.549747178948575,1.1768536111326109,-0.9118927420346261,-0.19245196767190065,3.2052677365679454,4618.726239648446,4,derecha
9.61845457394794,1.4031399310016226,-0.8824427571306881,0.020455801276515508,3.213020047824485,4695.890416105084,4,derecha
9.991045638425241,2.1659154101491005,-1.1228655909137677,0.06299879619649523,3.2100992349707025,5099.345417962256,4,derecha
10.460305746190905,1.9704445297344426,-0.6824178249084127,-0.49202950282805674,3.143144796371993,5569.422041676443,4,derecha
10.626467874786524,1.3391053799013368,-0.5815862480564848,-0.2350917788049327,2.993465941721596,5713.046243688567,4,derecha
10.988139373127863,0.7878256361225874,-1.3140784025248256,0.03459696535368664,3.1582974256654057,6076.35162597027,4,derecha
11.002237957278048,0.7610546447117841,-1.3785519554357544,0.1672254771796909,3.185196985018952,6090.51473566408,4,derecha
10.707205041629427,0.5334969240326993,-0.6076913291415886,0.6756496855926057,3.077780794702253,5758.886836376366,4,derecha
10.618664394131024,0.582693091657029,-0.519388189590607,0.5523972396289434,3.0072650460097465,5666.9363303421505,4,derecha
10.39039195824048,1.1730085847384815,-0.2341384663905175,-0.3916790038573915,3.0827537962109948,5456.662681530345,4,derecha
10.283192151577303,1.0977797401241525,-0.14100825911631043,-0.24283366711723917,3.0743028068778107,5342.091028319259,4,derecha
10.082233585207739,1.395049746362707,-0.10523798815029783,-0.3319287889844172,3.031671849190395,5152.324190652679,4,derecha
9.737966149119417,1.8148864279797325,-0.5400896136418227,-0.08699959259372386,3.1347792807414545,4832.14355746877,4,derecha
9.793098404416142,1.9109796760798414,-0.6274897532180193,-0.1035230748388208,3.1012329606808415,4890.787801732892,4,derecha
10.212411220257374,1.7730076428991355,0.0646332642855163,-0.697133806036224,2.9543028069018122,5303.317528726893,4,derecha
10.264529088655557,1.7175200269195374,0.3406609240081728,-0.8893936584148474,2.854060158801194,5353.903871938781,4,derecha
10.276593156327811,1.2243182998766833,1.3177047308941097,-0.9446953814533244,2.7756161604126244,5341.634260028012,4,derecha
10.773302279413926,0.5991371518202454,-0.593650463608931,0.5121656894376174,3.0441379012467964,5833.158957772277,4,derecha
10.885959626843388,0.6809445443664955,-0.4244306192342231,0.6168387411627534,3.1147645585958026,5959.253077081533,4,derecha
10.577630543628246,1.0124978215498397,-0.4611808123095087,0.461165353283164,3.092878544742502,5644.938286952351,4,derecha
10.219461942116796,1.4444574517108268,-0.6329717027003681,0.578146084880191,3.060365486640198,5294.092991904221,4,derecha
10.346547445951828,1.4619341416946994,-0.8628713996832471,0.2778502533825066,3.116300116271607,5425.648909651351,4,derecha
10.113573651638632,1.2723382164175436,-0.4911769203938712,0.4199722742625297,2.9937861759146562,5177.835511176835,4,derecha
9.561922142016925,1.048427938854023,0.11320764251284032,-0.4651371849539336,2.7954632655903437,4623.939149442379,4,derecha
9.683000881068603,1.128271989266774,0.10244251313019559,-0.6013942034903769,2.8743334302211903,4744.438902602106,4,derecha
10.118876377447553,1.2600171126068884,1.0206094384714754,-1.0323784312478406,2.671730398512931,5182.58381273365,4,derecha
10.211105260587301,1.4130519828900534,0.695417166574015,-0.9323289436250242,2.799940820327985,5283.986131284187,4,derecha
10.208396445495673,1.2547592506360634,1.4553588178672667,-0.9940495328488232,2.7992198078931105,5273.305861952237,4,derecha
10.455645174719388,0.5091899854418664,-0.5863569107281439,0.45519745666477884,2.8661753822150513,5491.485300253735,4,derecha
10.891699860945572,0.8021676353855182,-0.820478023483711,0.5746791883737636,3.037085418217077,5971.564674815367,4,derecha
11.01170946892994,0.9685906717968759,-1.0353437214822787,0.44430414409932706,2.9079762948227525,6111.316804995907,4,derecha
10.489011413686233,2.159815156466083,-0.3639339595248732,-0.28984283985821574,2.5587624790948764,5608.958779645307,4,derecha
10.492270584520602,2.452856929556888,-0.7252244722453849,-0.3620416011944324,2.97154621839624,5627.02994741766,4,derecha
10.467633761978284,2.697942792070254,-0.9075175834563076,-0.40490272442983133,3.1403106073710334,5613.464968348894,4,derecha
9.803828007461485,2.5501063980363394,-0.9354168376477934,-0.09621771693750987,3.1970821166016057,4933.257499896127,4,derecha
9.366964990553345,1.6318345167781105,-0.8547706699576687,-0.15866748571377123,3.1076560461627447,4468.593382551507,4,derecha
9.841952326854788,1.4800582891348049,-0.24634540003819305,-0.6679312617761035,3.0336691585921916,4917.204194660858,4,derecha
10.06694259356914,1.5391280957189197,0.051215838094227806,-0.8983633919450816,3.026901338698762,5144.123063896773,4,derecha
10.123220582808,1.299855927875607,0.9038570499158869,-1.109498341247569,2.9392050568615633,5188.972544803158,4,derecha
10.370031179883883,0.5343850247273371,0.40271798652264224,-0.40411294324960145,2.8179064255604107,5403.596584824562,4,derecha
10.494321941483717,0.29155937083698236,-0.771815305755065,0.7770477120109717,2.955408357451286,5521.117619117177,4,derecha
10.622499013260688,0.436703895004269,-1.1446717646107774,0.6117268657492336,2.8437321933910917,5663.709459086427,4,derecha
10.650502868134629,0.46766856153152475,-1.1381859936469005,0.6171678246552573,2.9569650993351453,5695.043995283772,4,derecha
10.567915100511925,0.5952732980864102,-1.0957652260713266,0.3600648731549588,2.9777345289607826,5613.80514348572,4,derecha
10.42885076257559,0.882725287442447,-1.1096496049583855,-0.004353063595790551,3.112949296291494,5482.182675775798,4,derecha
10.298585690852322,1.0465698108485255,-1.4078228047623573,0.16844544922422458,3.179473727763872,5355.371852133835,4,derecha
10.026470981899003,0.8743277767403135,-0.1715779046407473,0.07442929502601722,2.817669528063653,5070.222406380154,4,derecha
9.626563238048396,0.7793331218525124,1.8218395644077248,-0.8736613369595695,2.6692782422063273,4672.502644899866,4,derecha
9.835692935279946,1.170476786104266,0.6601387733487005,-0.33087130808058235,2.8558542513243963,4895.566615161008,4,derecha
10.073825182596934,1.1635140037073433,1.2158821372390136,-0.7814336196782098,2.8172383563601984,5132.273390661574,4,derecha
10.366229008118344,1.166629685186623,2.3786121101464497,-1.371335849485952,2.693187708177264,5431.266676697042,4,derecha
10.373693485686328,0.9743261201503779,3.225487951465606,-1.3108900786408937,2.508248399890238,5429.392132756067,4,derecha
10.483497482999953,0.43568774731621684,-0.19332138020549028,0.5279114267252126,2.7979771771174056,5516.970361169129,4,derecha
10.400073960583235,0.28127879847586496,-0.7566649406373904,0.5950748927046129,2.922698916989834,5422.140859203867,4,derecha
10.682209788165562,0.6252352865713411,-1.0588094519288687,0.6275967382062557,2.9394737278118765,5736.742062247574,4,derecha
10.65254990795444,0.7282086720877743,-1.095423570426171,0.6124371451820992,2.9381717949032518,5710.251410677397,4,derecha
10.408872144012099,1.2675414795204731,-0.8506065901179785,0.014823069504706455,3.081593366408358,5480.608039495575,4,derecha
10.334157272667094,1.8763864886696078,-0.8187748932002332,-0.4396426453766678,3.1772077474117606,5433.559651244391,4,derecha
10.389637654232779,1.9597190257494126,-0.876256298030877,-0.4827776244322399,3.1313978663118567,5495.214480600049,4,derecha
9.833590306532976,1.6421480728564,-0.9668851700127163,-0.109349200046391,3.2521831682173237,4917.082319479785,4,derecha
9.66184458635245,1.3290349795535834,-0.7091463368821431,-0.07091334757617676,3.2432155479049847,4734.0137895190865,4,derecha
9.903907386532897,1.2121522449390545,-0.22018644910361207,-0.5257393846968984,3.083098530622523,4964.976688297995,4,derecha
10.042652556145553,0.7396136581779882,0.4439029811217923,-0.361584469856891,2.918125529145783,5079.724201081738,4,derecha
10.035734622749022,0.660144241702024,0.3475486132463401,-0.7678709713741924,2.9528322790090344,5068.805682997273,4,derecha
10.197305719827128,0.2941836254479471,-0.4765725340732141,0.08275679137291914,3.0644983069663105,5213.961378453351,4,derecha
10.461702324202022,0.5934076165929116,3.344065670874632,1.368581105524221,2.5252677511309027,5502.031156840345,4,derecha
10.894480473247258,1.3377997219341922,0.5336675646695372,1.1620084560454425,2.916965099343148,6001.375225195,4,derecha
10.723455330265308,1.7218838022559881,0.19866543972574968,0.749851955698907,2.9117888809558052,5835.718901122571,4,derecha
10.544941989203826,1.8280264372827832,0.3194029030219214,1.0197036467575946,2.759512749228154,5651.191399647838,4,derecha
10.49809842770741,1.974557710921283,0.07404619254182032,0.9119768397498264,2.965267751042895,5609.231415437702,4,derecha
10.271056333472263,1.8504161193884474,0.6869261484646425,1.1095893545746518,2.8566395532538644,5367.250716237458,4,derecha
9.675158901731672,0.744751645705272,-0.668649533443535,0.21133621744094785,3.0648218571697865,4717.672570973144,4,derecha
9.963591750417443,0.9847719283540652,-0.04759400918763834,0.38775702688335395,2.9278089842978634,5012.89662486703,4,derecha
10.088765784124512,1.0834156867846259,-0.4876724194561235,0.12686741718599956,3.0010767498721513,5143.330536685304,4,derecha
10.204201360225737,0.9905203895803737,-0.14700705781282686,-0.08672587035507179,2.8943735728937527,5255.812289480659,4,derecha
10.195819266092519,0.7776394238674159,1.0098824452520976,0.0071774584374235196,2.6590571043207314,5236.61849653454,4,derecha
10.458414908821846,0.3741237693731749,2.639915257616484,1.340087251688622,2.508837703574282,5487.628308722012,4,derecha
10.294575381396935,0.24610169616292032,0.28176058697065276,0.4104905527426531,2.7586421745838874,5311.219198971341,4,derecha
10.338954987818477,0.19106499927206685,-0.21515193534218469,-0.25141292250917935,2.9669720902637566,5354.252761970432,4,derecha
10.559431752941684,0.46186188734365047,1.7659170932345143,0.9676519074391137,2.746378613544597,5598.173041618838,4,derecha
10.806966874082136,0.6645494694394202,0.9086471715814834,0.8400359455568784,2.7397217023076657,5872.7541243474,4,derecha
10.546172188224887,1.1331158091886684,-0.11248949609461745,0.24810776657164382,2.980589176308307,5617.7431816438375,4,derecha
10.41240291513708,1.3623650873636632,-0.3876437446768457,0.18215479530214987,3.0143175434664102,5489.0249777259405,4,derecha
10.308939405067202,1.5415235607079185,-0.7123913464454628,0.37870748692987255,3.110115121717481,5390.787760902763,4,derecha
10.082493438951062,1.4191489364030383,-0.3591779750312343,0.6053625601584092,3.1064440386904155,5153.791144144714,4,derecha
9.800423548437683,0.9582452541201782,-0.26558340174992834,0.6438594473980822,2.9398700543200444,4850.327349144602,4,derecha
10.037096104527711,1.0275598428572454,-0.5854611403956191,0.409190044478933,3.0399196072180374,5088.5429027191285,4,derecha
10.381312517225457,0.9489810004306986,-0.8898928280604168,-0.08699202058501579,3.0297915571030605,5436.031529036631,4,derecha
10.36358055440833,0.7949589447111534,-0.5778357690907718,-0.07283094496357677,3.1109552884731664,5409.938042621079,4,derecha
10.40680808527954,0.6186849922403187,-0.6006598956140223,0.08824651788139597,3.0613151328080184,5446.0169758039965,4,derecha
10.983913473962495,1.3041879729564465,-0.5274064750063276,0.5646925136679155,3.034967789917345,6097.527158822567,4,derecha
10.967484483997175,1.223215906519641,-0.4201851482082488,0.7667109688257497,2.9932940307270255,6075.4465906619225,4,derecha
10.677003819278557,1.6083398282169485,-0.30243140010390057,0.7159810023369708,2.7902496912123946,5780.337519255293,4,derecha
10.53987369733154,2.040446048972646,-0.6163785580383627,0.41763968375902805,3.1141309103021833,5656.469180233694,4,derecha
10.565312557997618,2.042759563917076,-0.6529684032520233,0.3448547188016945,3.1738569274316464,5683.429450604962,4,derecha
9.89547692532985,1.085132661219958,-0.4549454817839056,-0.36888863086564444,2.907012261806212,4950.279812047774,4,derecha
9.675149317427467,1.138534189019776,-0.7836639213463314,-0.19485665398217253,3.0374056812640298,4737.352425176849,4,derecha
9.66809209750583,1.3872107665691744,-0.5562325915837381,0.2028539759307324,3.0114284607853445,4742.960778621194,4,derecha
10.21483247765729,2.0859162043356854,-0.8683538554566539,0.03193159895650728,3.1733951757056547,5321.435937546891,4,derecha
10.293276963281082,2.1025643072164026,-0.8980683137622512,-0.1171178220643338,3.1110068661428576,5402.705747501472,4,derecha
10.855278800598148,2.2394367833784723,-0.9102820304426684,-0.3580789432001413,3.150713910380866,6003.825731104703,4,derecha
11.005931927230652,1.734435771199867,-0.7793390549436392,-0.26145839358458783,3.084107306789311,6143.248667901745,4,derecha
11.027133207814723,1.4954993708534108,-0.8128153852628066,-0.12486392470609851,3.182069840264001,6154.658307687181,4,derecha
10.56038488892566,1.47990292109042,-0.516909206820455,0.28849423390509643,3.0868866165371074,5650.081596166993,4,derecha
10.324927802946204,1.6809839012836714,-0.45103810627117147,0.566299215948094,3.1029067198791638,5414.25590186676,4,derecha
9.655145427292712,1.1059076549998126,-0.14342628886246267,-0.06419858819715854,3.0072650460097465,4716.387043858559,4,derecha
10.004781169220616,1.9872417665473991,-0.6628313333719791,0.22356542117216896,3.1551702809104536,5104.144400526943,4,derecha
10.216971002512624,1.8951537257078683,-0.487961936947066,-0.11723608710085666,3.1501699865356967,5314.082509594585,4,derecha
10.424949631094282,1.727558848873617,0.038663807499002,-0.4941536079784319,2.9782784528059514,5520.356682986322,4,derecha
10.693322836388528,1.6521734684359766,0.8064040157702106,-0.7322812807842058,2.705420674767068,5799.96633758322,4,derecha
11.27005704141886,0.6522081598498076,-0.9695182158998188,0.44378570225392244,3.1366911164406073,6383.319693834235,4,derecha
10.79967659865478,1.1997643063211303,1.2712635108101873,-0.7682107893901943,2.73469712312923,5891.638947092637,4,derecha
10.63749773630784,1.3061902331981625,0.3947591730892843,-0.40051202161616994,2.844375992214574,5723.127416157627,4,derecha
10.376660338581946,1.5066919644011134,-0.3924038205454399,0.11342713079262483,2.7688839404298573,5459.088587335037,4,derecha
10.138380686841732,1.5911543565900426,-0.2658825649771468,-0.14991766358834405,2.8692782421663248,5218.8958653957725,4,derecha
9.643790882037042,1.324147244649854,0.12376827999816875,-0.15762837226448922,2.869674554247546,4716.342491055532,4,derecha
9.810009958289118,1.1294760369776882,0.4751354576877742,-0.4470778940817893,2.8238646875745874,4868.288570935466,4,derecha
9.83990328200955,1.2318339104464622,0.061513399801075064,-0.42279950028593366,2.9159250172923348,4902.776525487439,4,derecha
10.193434809015601,1.507203690263019,0.027330284406125394,-0.768973818194,2.801999117640907,5270.665844795698,4,derecha
10.190560317005907,1.1164085254146638,0.36246308843093367,-0.5647775942254678,2.8410767643310986,5248.196404997511,4,derecha
10.353392814706718,0.5282465060529417,-0.44817213700563663,0.1416457033257071,3.0488839259469067,5386.049464083681,4,derecha
9.904533247071384,0.354901035372143,0.14528631617145615,0.4521454276127215,3.0052677366079488,4922.7339938857285,3,izquierda
10.056764634475707,0.3161688765463479,0.3538834066823293,-0.024603968922720976,2.96940055694206,5072.7341894893825,3,izquierda
10.319426280968774,0.3443227304068678,0.03317632029716977,0.054749199594252555,2.8721945888595153,5341.744074937794,3,izquierda
10.25635044779006,0.27108824747574994,0.9346204170537953,0.11063697658855902,2.656574113649098,5273.190637767956,3,izquierda
10.388575844648706,0.19414334294577906,0.07748668612142717,0.6476128256950088,2.985365781030958,5405.832571148217,3,izquierda
10.358410415160995,0.2245237838286645,-0.047658928336562933,0.4145986058866931,3.0327112198066657,5376.059505637222,3,izquierda
10.223614019836974,0.3817488099416098,-0.1390639233635902,-0.1293136133882677,3.0065663679331034,5245.201621827436,3,izquierda
9.890093466631164,0.37360924324936035,-0.5633105076308067,-0.3011308568230891,3.1395286070250363,4909.3779010974895,3,izquierda
9.800581431423096,0.35231672282898535,-0.4670905203183273,-0.035050136401597654,3.1260497369299465,4820.185655839209,3,izquierda
9.626333488888966,0.22453783261261384,0.6001437023344613,0.09910279968047683,2.833669158632197,4644.5417135958905,3,izquierda
9.503974141951119,0.25076836158538734,0.33267015012253376,0.27515414520970294,2.926104616223113,4528.814642623043,3,izquierda
9.52378060438036,0.24000663613684162,0.3129465495025814,0.044020127476524076,2.8200452524951443,4547.1201818254185,3,izquierda
9.63019042596007,0.2055193398141261,-0.2330949427193656,-0.3152949357280109,3.085533105958793,4647.304349003354,3,izquierda
9.718535638473641,0.33486865928695364,-0.39296514290060713,0.15117880522102484,3.0179064399473536,4739.240180778462,3,izquierda
9.765457182419006,0.37522089855789464,-0.7723373201435493,-0.025274994182122774,3.063716321047258,4786.968744010842,3,izquierda
9.914166538556858,0.28107841641252373,-0.22567665512612045,-0.26015613429670026,2.977531312082186,4928.58882853265,3,izquierda
9.977341691149741,0.22427792778548455,-0.0696213212026251,-0.21857244875174747,2.9881177979127385,4988.581257487013,3,izquierda
10.024574301514887,0.18318732229430001,0.7893311210324558,-0.3213892796874135,2.8052092397301283,5033.76386244435,3,izquierda
9.97178424595911,0.08798440590936898,1.0760503291900552,-0.6387821424861947,2.866495630835057,4976.223272693383,3,izquierda
9.98284135217975,0.05685454379692076,-0.44430590183374674,-0.28499616541725165,3.099610779152213,4985.698800329348,3,izquierda
9.99782657282538,0.06406232583599299,0.7137814884108389,0.28427245786757915,2.750834984074185,5001.029925306464,3,izquierda
10.004775214870069,0.06558243777833221,0.5257524890048186,0.19172973319345551,2.7930041900356084,5008.055476892837,3,izquierda
10.048606720760997,0.09663852505009146,-0.03342688201417632,0.279084437372953,3.0094005569340605,5053.556777678658,3,izquierda
10.108617686428095,0.09074449608613666,0.16628832159459161,-0.09597012519348495,2.925095840056325,5113.74480132265,3,izquierda
10.186117043575427,0.06936460040643908,0.4804178920150819,0.060905775180370346,2.913789477514128,5191.317251291212,3,izquierda
10.349470843138405,0.13346106937339092,1.6172613988486084,0.8784991361326133,2.598297440204359,5362.250390117268,3,izquierda
10.446941823400248,0.17917619241089436,0.9590420693581878,0.9051651147232413,2.7830176285996724,5465.88848269601,3,izquierda
10.502714921071627,0.3227290512557313,0.7083323333605098,0.4998099911024663,2.6758319007158278,5531.487488227817,3,izquierda
10.416511216164757,0.6403507815730931,0.8662404509782293,-0.5411678508398643,2.8423438376174883,5457.202834902962,3,izquierda
10.187476356188546,1.001189101568867,-0.4471547947537551,-0.37068424010335294,3.123535796548993,5239.293180473476,3,izquierda
9.936290745866843,0.9362610316789295,-0.2976788349788051,0.11534871520152438,3.0343028068858096,4983.306740903901,3,izquierda
9.830656628711862,0.7966778080719018,0.29145063735715926,0.228352319002596,2.9090401512305464,4871.9243779854205,3,izquierda
9.625788781888257,0.49329848277936406,1.3946553957355512,0.008399873896475896,2.616314852948214,4657.455407815259,3,izquierda
9.609117827376757,0.25019929742126523,2.013005681881679,-1.217842413093589,2.6779459730895976,4629.267235891553,3,izquierda
9.657212768160408,0.1261626840088051,0.33339377009393045,-0.23247331744432204,2.9288839259709083,4669.396056676459,3,izquierda
9.667818173373472,0.08439062302638531,0.08165853273816204,0.4990467589924246,2.9949677899253477,4677.554942821838,3,izquierda
9.58818232746197,0.0899311171345815,0.7852957080053118,-0.1250163549180906,2.8160574826379396,4601.158573089432,3,izquierda
9.729995373339893,0.23108846576630696,1.1880343931167934,1.014839561886049,2.7666212616612125,4745.194921549102,3,izquierda
9.797003968477517,0.31381922882650753,-0.23754163001867745,0.5880243024615974,3.097906425504406,4814.755299359538,3,izquierda
9.975826934891918,0.3029539275606098,-0.4868290038220091,0.005771762573610504,3.048563691753846,4991.003848123785,3,izquierda
10.069073727890435,0.3048751359793325,-0.3826446271002917,-0.3492119886989559,3.0844308714197326,5084.556043683637,3,izquierda
10.180335392451957,0.2140787217228841,0.0055514926223372285,-0.38795733199946575,2.9101972938766627,5192.665371226641,3,izquierda
10.1572449730034,0.13886795899793256,1.7340413010474913,-0.8767171446842135,2.6243264393405847,5165.424670030038,3,izquierda
10.152537201668167,0.07216298785576153,-0.6564067486954057,-0.1100141946513324,3.1621099973715108,5157.308730955593,3,izquierda
10.105430706045965,0.06083180177294316,-0.5197701528664722,0.1370100522385474,3.1129492962914935,5109.028077823481,3,izquierda
10.25935743574371,0.14044140505587915,-0.25409047339853874,0.8042669742006091,2.962515719734167,5269.742819970281,3,izquierda
10.440513190022259,0.25678387991948637,-0.9206313134802833,0.5526052453873948,3.1011474869781948,5463.054977547412,3,izquierda
10.456665879907577,0.2987203040310428,-0.9711724857565325,0.14581480974269803,3.032629047687489,5482.029081402718,3,izquierda
10.370444838975258,0.523742644415541,0.21137382588767695,-0.7318042822198795,2.973856941898596,5403.493440132205,3,izquierda
10.288111034314095,0.676185661141014,-0.6536329575977846,-0.6020533903307695,3.018196280678775,5326.070715775823,3,izquierda
9.970642131684212,0.8338412194709127,-0.8659853909152466,-0.23981999417907243,3.194302806853808,5012.377286879359,3,izquierda
9.70454650275556,0.5245146680259448,-0.5901885927793664,-0.3027957609319628,3.0933951757216547,4735.136874608555,3,izquierda
9.537527164188868,0.41798135279998955,-0.36294523073284335,-0.08897872787513739,3.0989121010755674,4569.120288022027,3,izquierda
9.560922229142141,0.34286672202091745,0.008263248573478599,-0.2293299303696214,2.8696745542475455,4587.705029686261,3,izquierda
9.533460917400216,0.308327847516863,0.11596609410550585,-0.40750228225765006,2.9575987620557096,4559.760245555711,3,izquierda
9.628102586617455,0.20518392348711548,-0.47603072104188016,0.03749790737027047,3.0832704271901497,4645.277167095843,3,izquierda
9.684767045772963,0.2566738201585764,-0.18411965716016176,0.2383356330221558,2.9817495916840002,4702.569327552428,3,izquierda
9.849277514580669,0.28316285819567083,-0.2627848057789919,-0.1810370816384451,3.0427537962189968,4864.571520871001,3,izquierda
9.899247699260691,0.25750149924831867,-0.09810791281513476,-0.26148199822207846,2.9999196072260395,4912.630325528321,3,izquierda
10.200408705311785,0.3474515288388963,-0.3631588811631121,0.15103010553777055,2.997598747620764,5219.789464211966,3,izquierda
10.283307085483273,0.2599124091190124,-0.17634448710268424,0.40159621670482154,3.0664956163681074,5300.315851173474,3,izquierda
10.263760360955109,0.22511881672205272,0.18196713959255062,0.7923711592354276,2.8630277791135335,5278.494778191772,3,izquierda
10.241800301740163,0.2053102789141062,0.9339323751375548,1.0477777135042219,2.587012261870214,5254.989184981952,3,izquierda
10.371723703205141,0.19491432754101648,-0.2650617633507477,0.8322076521062121,3.0035906758261564,5388.378345158419,3,izquierda
10.293328022284525,0.17860990702377222,5.982864115511228,2.0295404991890384,2.405728367157666,5306.560584068579,3,izquierda
10.320319512786652,0.32924432545104554,2.0322846938052423,0.9891960273680009,2.6061046307140603,5341.911958572798,3,izquierda
10.260923014346394,0.41426716931525065,0.9666492723142142,0.6054279526354067,2.7932278652607687,5285.040413782937,3,izquierda
10.126141685439247,0.6458106269852836,0.3936357098543857,-0.01819870269580928,2.864326410438688,5159.227803028785,3,izquierda
9.985635888346957,0.6214971344931272,0.7489833852809649,0.3700448979097925,2.8487873525920673,5016.721061456792,3,izquierda
9.81793178939306,0.4765482291032118,1.2265580093599056,0.4480945892527937,2.671499226833289,4843.416642513901,3,izquierda
9.639685501697173,0.2993265447746648,0.23880941904529562,-0.34896039265024986,2.990115107314538,4661.143155820267,3,izquierda
9.56597488434088,0.33312164266764605,-0.2900533460982384,-0.19977064996964233,3.021987668176829,4592.049856525407,3,izquierda
9.701710585227499,0.3029102416853528,-0.4640141389517125,0.16929778884418914,3.097389794525252,4721.304926060032,3,izquierda
9.782669308116452,0.35179967230667253,-0.6845970557042236,0.07961689467184109,3.1730200478324853,4802.620923213513,3,izquierda
9.886905624969922,0.3829392842761367,-0.8011985837129627,-0.22672735690975435,3.105045532386949,4906.6921060669,3,izquierda
10.04942508317997,0.3135684692211615,-0.0408145674730549,-0.6836340573607707,2.956007174976564,5065.225648583397,3,izquierda
10.220078151138837,0.1306221658194755,0.38154054248820435,-0.15906260354132765,2.8978727304993015,5229.030979060247,3,izquierda
10.230591915889875,0.08327185694118049,-0.0701585674375429,0.2057823370673418,2.975616160372619,5237.414140320623,3,izquierda
10.16390311477177,0.05227256635399652,-0.28758255750744155,0.6095249563725442,3.041678840119005,5167.859954641064,3,izquierda
10.119517764127416,0.033835248930504117,-0.5011930933851545,0.5571759792630646,3.010699188259216,5121.923751371041,3,izquierda
10.152724547484201,0.05124743964317257,0.1115379182303009,0.8644609706030258,2.8308349840581832,5156.4531588365735,3,izquierda
10.32252716122595,0.18764358219360544,0.5461909618477239,1.1975984187395265,2.8243813041267964,5337.110528822052,3,izquierda
10.156965594065072,0.41546979006488594,1.1642601542376037,-0.4090626684457355,2.7186660897087855,5178.970993454328,3,izquierda
10.022242467179925,0.598016827864354,-0.017511417491032688,-0.37152505308010053,3.054060158761192,5052.168044940455,3,izquierda
9.933263326021377,0.6550905047917417,-0.5028506979768084,-0.10555249632158006,3.167265045977745,4966.2405404436495,3,izquierda
9.664379415101042,0.7010378748796421,-0.33989969427920785,0.4705785803472054,3.111330416346335,4705.06336769542,3,izquierda
9.438239383899539,0.33110821754938763,-0.09991373840901696,-0.12502887740393406,3.0036761495288045,4470.573544267088,3,izquierda
9.63990694891331,0.43424538191336637,-0.4655991941872637,0.05807578589731982,3.1064956163601063,4668.102568281025,3,izquierda
9.969547618208237,0.5858648713153614,-1.1306204543402567,-0.09396816597836186,3.1494713084590518,4998.8872291518455,3,izquierda
10.086689832049892,0.5298865374376873,-0.7295270753629861,-0.4503085275401603,3.070308188074214,5113.559915270817,3,izquierda
10.29422978173619,0.26169253061723097,-0.5810335584720692,-0.2777757316276761,2.978395484547362,5311.642966490077,3,izquierda
10.369846450409534,0.16675528230713568,-0.2624868068165065,0.026435050401301223,3.0384389287953932,5385.023534368916,3,izquierda
10.349016853381817,0.14483850561940934,-0.5827413916156057,0.6410592592868749,3.041678840119005,5362.349416860016,3,izquierda
10.440972470323418,0.28717325027569224,-0.3792425793816947,0.9823265395763472,2.6900443846754403,5465.05396881636,3,izquierda
10.662310517064121,0.4123010314820709,-1.1050369183444786,0.4629050054824447,2.8780044699674194,5704.85832968891,3,izquierda
10.511490322107372,0.7350243704102596,-0.6285594313545126,-0.30091620654082096,2.9114686323358,5561.322658108359,3,izquierda
10.247437415086537,1.1881033648549029,-1.3956906284036104,-0.12749871502992546,3.0609094104853667,5309.9038470485175,3,izquierda
10.287990072872063,1.186218202708574,-1.3666568834962634,-0.23742006387694237,3.0474032475242634,5351.447897111133,3,izquierda
9.880901204695796,0.9698444279583398,-0.9133105047386096,0.42421627519371685,3.106495616360107,4930.102652245858,3,izquierda
9.451423559650259,0.47864573050500836,-0.788821312149738,0.470172985062876,3.0538569418825943,4490.402651720848,3,izquierda
9.481202890954716,0.44925175498984193,-0.7920560048781038,0.3801418219868635,3.180827238342189,4517.123000721895,3,izquierda
9.815300077176758,0.5148555810400955,-0.7924505453620192,0.005880709658654268,3.0796815307092054,4842.74855930331,3,izquierda
9.738531185605098,0.4705579153182047,-0.5724223925042082,0.17113508428522464,2.9820698403040033,4765.477378416062,3,izquierda
9.918244307031713,0.4493596154272978,-0.4510563454254539,-0.2895225359592166,2.856694432507026,4941.046487469715,3,izquierda
10.122053611331651,0.27743826934103344,0.009485111349402775,-0.4117416324823294,2.8730907994454853,5136.6703790006595,3,izquierda
10.258824569652115,0.15373222924648924,0.8221066128417847,-0.029996594275330305,2.76081138055331,5269.860689007221,3,izquierda
10.080099749082919,0.20948930909490815,-0.6331781310425963,-0.487399238902769,3.0592050712645062,5090.895013027822,3,izquierda
10.089591575758787,0.21528706758552704,-0.6595031192379475,-0.460949478866088,3.1346971086222792,5100.757261660409,3,izquierda
10.017116766805712,0.2000183356042527,-0.6978890767672965,-0.18846520275321205,3.194302806853808,5027.132332771219,3,izquierda
10.007246941281943,0.18959614880026546,-0.5544401811492254,-0.20830757058374783,3.115783485292452,5016.729374629856,3,izquierda
10.16468928096813,0.4268813677488724,0.778890032781034,0.8637194422395061,2.9068403508116405,5187.389477318862,3,izquierda
10.683325039817703,0.9624565830433464,-0.4942137944622367,0.8408728046958133,2.9365740991661453,5754.794524471964,3,izquierda
10.690402703675504,1.069137626460138,0.1194253598760362,0.33845837895199754,2.589471322998006,5767.692379660634,3,izquierda
10.61667093335559,1.5875768521682272,-0.3393069565257223,-0.18585573939803218,2.888367294999752,5715.0639279662855,3,izquierda
10.457472158617726,1.976234729665537,-0.863148178190984,-0.1314014305627618,3.1753376058542893,5566.747933896523,3,izquierda
10.160048298889906,1.9547736922279813,-0.7700749179545148,0.3486245135956021,3.1436614273511485,5259.0677564001835,3,izquierda
9.476408968252699,0.9744181684403607,0.13705547848634936,0.4749646898335783,2.9602947351072086,4538.837255101029,3,izquierda
9.49611391677168,0.9748947560499485,0.8816978873163399,0.7968332922449057,2.8294152935466648,4557.553713817737,3,izquierda
9.715650297774559,0.896493045959369,-0.1508532723917435,0.35123354890620817,2.995291340128823,4764.517687730312,3,izquierda
9.822923528095341,0.7502309249358138,0.19750134495773164,0.4148881999552527,2.9980044699434156,4862.0028781872425,3,izquierda
9.983055303738858,0.7509332750031423,0.024346414068275646,-0.013661615122459246,3.014555605540294,5020.616323625584,3,izquierda
10.228337828592675,0.37896566496257295,1.1611672683699306,0.8594731242159476,2.7757372484528795,5249.893020039124,3,izquierda
10.162243527413025,0.2788615418444548,0.8706203074432053,0.7606162430026281,2.870169986591704,5177.502752614619,3,izquierda
10.009061641044104,0.14001835130251852,-0.5391470826031761,0.3448835803901909,3.1509519868816946,5016.066664276152,3,izquierda
10.073167337529712,0.12137453511562962,-0.1986742371011534,0.0034376696839141744,3.096776590151253,5079.5037372495535,3,izquierda
10.192244977472688,0.28980929811974937,2.9362543074503167,1.6242647681291589,2.6119145118219658,5208.5833489468505,3,izquierda
10.568395210887932,0.9461906698061604,-0.2796291533572064,0.9914169632942803,2.7761744855334567,5631.8584001662575,3,izquierda
10.386140695507276,1.556808475167969,-0.3714385088079126,0.12292683055826036,2.81209655887945,5471.436351102019,3,izquierda
10.64424049835047,1.9364731893540668,-0.8775486501453789,-0.2433284578829681,3.0950173572502853,5761.816448803916,3,izquierda
10.47390482892395,2.2847368744579772,-1.3403121153020006,-0.04734288212814119,3.224446729264615,5599.370961990716,3,izquierda
10.146746547083922,2.360527318515913,-1.2735161444156944,0.4440209130541813,2.8533951901966055,5265.849640463772,3,izquierda
9.77438480508141,1.3922752672965997,0.06802531712759352,0.8050113879844157,2.976691116472609,4846.54367925515,3,izquierda
10.16545156907003,1.2097350232226707,-0.696954313006195,0.5661103166202183,3.190115107274533,5227.30703131655,3,izquierda
9.981597640179174,0.6387432717982686,-0.552395085101486,0.33148279044515716,3.058075221484409,5013.551736111438,3,izquierda
10.144820716354753,0.4536769256641189,0.18216003117147261,0.30777219934501826,2.9417189972425146,5168.553214632235,3,izquierda
10.210831327498541,0.3608796621238239,0.6583250142179646,0.6017874623270215,2.8566326195787863,5231.097803037472,3,izquierda
10.206157358533352,0.4447851710991946,-0.16173705814287942,0.4033706856768081,2.986175367764102,5230.521659912184,3,izquierda
10.197364743746116,0.41149078846083575,-0.26097179613307553,0.27659148871613987,3.0075852946297514,5219.886925272856,3,izquierda
10.516825645454565,0.9063981383378568,0.5064426261092607,0.7722042712805673,2.8083673094427,5575.500989761433,3,izquierda
10.222403629483813,1.7586801697376844,0.6314925402340061,-0.3292204385878991,2.792133615391337,5312.810806691074,3,izquierda
10.276323162748799,2.730147660280196,-0.33831909875820054,-0.36438666577943096,3.1150881087992777,5416.648270276384,3,izquierda
10.488684282143343,3.16717717144542,-0.44534721346564776,-0.34429148127474907,3.1663699855419507,5658.983757096311,3,izquierda
10.17481419199712,3.2740758103585335,-0.6649028881049879,0.11395470233133792,3.1274032475082603,5340.045982601226,3,izquierda
9.938181040552175,2.687511550672936,-0.02385504907344993,0.27644252468384223,3.0158542368654473,5072.747697273183,3,izquierda
10.356415613811146,2.0618374284978898,0.28285175797249185,0.13574467704699622,2.9434650450320032,5465.8590897244585,3,izquierda
10.385926508053572,1.00028040452054,2.014935610801058,1.2552848264365082,2.706957382593052,5443.387491760521,3,izquierda
10.138064241730602,0.4511603137660635,-0.2836913458517545,0.18074007936684713,3.030115107306534,5161.575344161136,3,izquierda
10.2673769728236,0.3585082808646474,-0.3681007843432944,0.23766832779862593,3.0481885494537293,5288.876909146648,3,izquierda
10.55466201032541,0.9047372776646809,0.18119056851000215,0.8786521013102705,3.0477267977277385,5615.281371493555,3,izquierda
10.704025125635491,1.1481539206110178,-0.8273083528117291,0.5796700932687686,3.1775312976152366,5786.215390542347,3,izquierda
10.584953514389337,1.4334249971570807,-0.8790242028486621,0.3423061842859822,3.1892749260919024,5673.733294947012,3,izquierda
10.723187223349216,2.4719080534197366,0.45076934720642514,0.6957320935308918,2.847083013371207,5872.93261402098,3,izquierda
10.836626641080896,3.6401141117746096,-0.278036310530029,0.2765558156237335,3.0097241071375382,6053.629553497939,3,izquierda
10.428362468309707,3.947600484490225,-0.02879362631939797,0.5326477675256549,3.0578515462592457,5634.917212747041,3,izquierda
10.280742911024815,3.7748132391234113,0.3900393738684813,0.7414311144009192,2.9846398100882987,5473.424402085519,3,izquierda
10.421166576456343,3.600450551771268,0.4709085948939147,0.6224178796807649,2.9601432824592013,5610.058168301105,3,izquierda
10.37889433472298,2.4864042830972717,0.9413306266646351,0.24702816334901379,2.8133402965244985,5510.392594722102,3,izquierda
10.296071939658622,1.1591222736158435,1.8126732728144272,-0.30092064227154575,2.622307931303787,5358.410983012075,3,izquierda
10.17847663567342,0.5582822978715977,0.05776649346812546,0.7520936599847462,3.034653649955301,5207.983446041062,3,izquierda
10.083049049170917,0.3279292034253678,-0.5234249337427817,0.2669547287359975,3.1708812353247025,5099.790366570596,3,izquierda
10.043629990539152,0.6621285170783789,0.09493762295649599,0.33848113713034655,3.0012170884010128,5076.831595196794,3,izquierda
10.231395641015466,0.5962545437422966,-0.6928331652850699,0.0355865697438456,3.1272101667325813,5263.885565336629,1,adelante
10.41057517631881,1.0142627759313172,1.1256126940345599,0.7154240917646194,2.664411913035231,5469.716913885835,1,adelante
10.463922359711301,1.068198467327357,0.7002986183287763,0.6646658742748508,2.8015418032216166,5528.093480869671,1,adelante
10.309503503211003,1.167910729902569,0.677964979291724,0.8192073346666533,2.7590794405183567,5372.688660631128,1,adelante
10.06724435523583,1.181519407894993,1.4879706371917516,1.1229811056109822,2.625163304512798,5126.546415796134,1,adelante
9.805869959893855,1.4153349602545762,1.4244893054723633,1.0384514483503555,2.718962423211894,4878.521031530164,1,adelante
9.378020834955217,0.8267750570158696,0.6984858581876816,0.6877387124301649,2.9380752215084107,4438.702491893501,1,adelante
9.333989537379836,0.6765982094668623,-0.37751815991160287,0.23563351313249384,2.9623786683618283,4389.997944669156,1,adelante
9.575606736686133,0.9709187068553379,-0.819487048223146,0.10002837915658434,3.207210166716581,4633.15815412621,1,adelante
9.754723181714578,1.0131915715666089,-0.8310142571198957,-0.24177433987068453,3.18760116689358,4808.39079617232,1,adelante
10.12218921752704,0.6737132931803687,0.5199485745040762,-0.8457682511369575,2.8631996901081047,5156.62139243005,1,adelante
10.334947569100644,0.2579453591169488,0.16351673308595327,0.32373450862070535,2.869708249292655,5353.454330758812,1,adelante
10.47493118447204,0.3601902456415759,-0.42707793150856643,0.6052970984235584,3.0228245622029357,5504.218678253318,1,adelante
10.531861151005142,0.6483647844857202,1.6813500770884051,0.7410590360902821,2.5512611647834067,5578.423204426854,1,adelante
10.49234077934543,0.8567501813850993,0.5194693692509138,0.5175420640074104,2.911636263730678,5547.298260565008,1,adelante
10.29060642217955,1.0889264198049142,-0.006936905514640657,0.5662530998799816,3.0097452913455913,5349.275347800397,1,adelante
10.174273098572481,1.2860841157407403,-0.312502453002272,0.4938354615833102,2.993004175568659,5240.095860003823,1,adelante
9.87723061243896,1.1372512899398086,0.9429325405720661,0.9860433094644848,2.834302806925815,4934.846793062055,1,adelante
9.59553228019931,0.7546811027665113,0.5610931679951228,0.8112777549142357,2.873844371202239,4641.446042155675,1,adelante
9.809850627480024,1.1496404835112914,0.21708559564721686,0.8368200054862356,2.9974605605251923,4869.140490849077,1,adelante
9.91728441109962,1.112613523166264,0.07232452173411819,0.6942705879375611,2.988634443318839,4973.2571806902915,1,adelante
10.067100153540927,0.9809167882415614,0.20124228688756585,0.5877768380437891,2.987417984112863,5116.371114483268,1,adelante
10.217787242483956,0.8198119563755428,0.6976137908720004,0.5039826950561624,2.8012182530181393,5261.149404452173,1,adelante
10.364478517582736,0.5964689148130046,1.3485277906758366,1.2594993374327461,2.7982974401643563,5400.944192812352,1,adelante
10.390114101185667,1.2688310107086151,7.202546435103169,2.62453386532879,2.127138306650871,5461.165102318292,1,adelante
10.493470023392872,1.4710366198422031,4.529579900410736,1.8728959671001577,2.2299879684761112,5579.197487584352,1,adelante
10.334862426271787,1.9200181476998435,2.6280122136372723,1.1944759407645476,2.5990377608356217,5436.469975883209,1,adelante
10.162358852323038,2.0944418434477985,2.3742250142026737,1.3075919592995149,2.6619876971027243,5268.398964341809,1,adelante
10.021248138866333,2.1730206173016158,2.5582936728236723,1.3930101106163157,2.6821100263214093,5129.921743901679,1,adelante
9.517267527607299,1.2803908560007675,0.6722993399483861,0.03556274551672228,2.7981804228498945,4592.938602402456,1,adelante
9.559967687986294,1.5151224980770732,0.014314320438552741,0.2084335090887918,2.91968153074121,4645.405234670953,1,adelante
9.93002457898765,1.7049386037357164,-0.39093012116003045,-0.13793257821436067,2.9195993586220355,5015.516337151729,1,adelante
10.091634070881897,1.6390642051108124,-0.08536757519710703,-0.44894448352622013,3.0029774714521613,5174.007121284756,1,adelante
10.23521280265593,1.5389322119301716,0.37731051022627904,-0.6517073616381246,2.870490249638655,5314.925666379103,1,adelante
10.54563013831902,1.008129773854449,-0.33872453230349864,-0.0466713606074008,2.9949466057172947,5610.9222394038425,1,adelante
10.626486678911844,0.9729136547692794,0.08737125860045492,0.6752466525777389,2.9464989468294727,5694.756639593009,1,adelante
10.323723201934007,1.2024090017232547,0.6922933609552304,0.4940541102785157,2.7759091450205053,5389.08348759369,1,adelante
10.118028896236785,1.4297098085107134,0.26752522093069375,0.6136678673103886,2.9630985450734713,5190.210927679664,1,adelante
10.141463558285905,1.3741434915378319,0.4227803106853214,0.5717151152504987,2.9461193527957095,5211.171329778941,1,adelante
9.903100681317367,1.6984269066887192,0.6783324949199931,0.031606849344961156,2.6596108080941123,4988.49150054986,1,adelante
9.777831438344505,1.1432584974919116,0.788712115594377,-0.9222150795120078,2.7358542657753446,4837.462306708504,1,adelante
9.90003243447998,0.9350593352057601,2.5835224821716354,-1.4122363498337507,2.615017386200186,4947.285076948068,1,adelante
10.131300620454306,0.7806939646144331,6.58194142850107,-2.2882827467082096,2.2973205430103256,5171.197311331612,1,adelante
10.003715465565923,0.7944207423124529,5.1487101214187305,-1.9574911769368741,2.4383731628646905,5043.437192915764,1,adelante
10.23898084659849,0.4558851890594597,0.6744994860935529,0.07724515247642846,2.7420698692059005,5264.63069830351,1,adelante
10.232700121291137,0.616554868229264,0.1536299649582502,0.2421793119450817,2.9725583105734423,5266.235332025045,1,adelante
10.315922075750173,0.7533184204686875,-0.32687440284047664,0.2368700155377943,3.1044983069583085,5358.578334670922,1,adelante
10.326438324025665,1.4077284509558001,0.17067630267284262,0.38384374569986457,2.9225157341691146,5402.152845543086,1,adelante
10.250526894458776,1.7838332724857862,-0.20085590928864994,0.016483923759292484,2.945882426445058,5342.856744325423,1,adelante
10.039292420194188,1.744787243730091,-0.03157171410104098,0.2862979071623523,2.9750722509543963,5126.608977094929,1,adelante
9.923674668326512,1.5004601254378562,0.8933193395376446,0.513670547522318,2.8208272528411396,4998.9889524111595,1,adelante
9.797482222335628,1.2582976955927385,2.2800846195921265,0.7183704916083385,2.584122043465918,4862.447779628772,1,adelante
9.711636891768912,0.5558597806318482,1.0798346885054517,-0.9962138580023984,2.4990668842809436,4743.587544909939,1,adelante
9.644102953788307,0.3441067005573846,-0.13482901313457685,-0.27854906729257295,2.7886893226120057,4667.641424191287,1,adelante
10.059717883631038,1.197656470990092,5.4591073251820745,2.0798308638486422,2.3205490337637547,5119.779018461811,1,adelante
10.248166722726197,1.449013142182122,2.3075826997991262,1.4039757875087446,2.7011508030686198,5323.696715948735,1,adelante
10.234067365413518,1.476706035057789,2.182558325188806,1.3881928970033504,2.716330725228046,5310.642043743987,1,adelante
10.262558790426667,1.4439388165328961,2.2698311910260927,1.3734464898920076,2.7011508030686198,5338.202587174829,1,adelante
10.5289555101486,1.064408824266538,3.7708601346798627,1.8338525149632812,2.533096125848658,5596.165647947759,1,adelante
10.427840194418431,0.6297297206376458,0.39727493822007887,0.7919614512907587,2.9143334157862455,5468.479042048314,1,adelante
10.360259702799073,0.6750137222042217,1.9977951860089052,-0.3171761092897969,2.654555620039246,5400.499741582328,1,adelante
10.194809202199671,1.317289506356026,0.8090284155639949,-0.7899912251912884,2.8510227384946947,5262.571208780555,1,adelante
10.103571074942794,1.3853694553369913,0.2976984476091924,-0.5712040810533678,2.9705609867446996,5173.375896087883,1,adelante
9.98348231469878,1.3711592086607427,0.1731088650940591,-0.30680734805501336,2.9261046162231112,5052.053916828202,1,adelante
9.672755806723812,1.0349819597919327,0.5083296181911736,-0.26465132452152057,2.7956664680419956,4729.859342815056,1,adelante
9.523005458295977,0.9467972834968406,0.6128235412219794,0.004666700369816571,2.799082727666879,4581.7215121115905,1,adelante
9.885216498120391,0.9811092968279386,0.9947771384414668,0.855381315770328,2.7405687324366923,4934.9307255769745,1,adelante
9.972729146851307,0.955476067267001,0.8869417728547897,0.689692000179372,2.7863786135365958,5020.54013518623,1,adelante
10.195644785458024,1.03970566197573,0.058930712518407535,0.11993718495763837,2.8573898090002032,5249.543912660658,1,adelante
10.384095135443669,0.8070362222090804,1.408674278196445,-0.11300581154153745,2.636448482846941,5431.823400207698,1,adelante
10.4261008636752,0.4349778726869619,3.649240010174897,1.678299031534676,2.539990387724929,5456.927854610787,1,adelante
10.219073967450141,0.2383303119122824,0.8083327415814598,-0.2198810348055793,2.698688425930412,5233.390153206472,1,adelante
10.463773599016275,0.5022513231570517,0.61450973940671,0.5363792918077062,2.760436252680142,5499.640462731351,1,adelante
10.479353975558586,1.1444539305740964,0.16391540173817543,0.29912577490401865,2.665662038432421,5548.065683781479,1,adelante
10.313087765603369,2.246886673538184,-0.3128384027635729,-0.29124344646553524,3.017359401079614,5430.333296728804,1,adelante
10.140399492871872,2.6175241794585484,-0.9103892611563804,-0.09180442626339845,3.17984885563704,5272.2613027247335,1,adelante
10.09637506186057,2.6012222926137514,-0.8943819038530689,-0.009036815995503834,3.1476560461547427,5226.900584118689,1,adelante
9.684088338380903,2.241395302252977,-0.1720950395107783,0.4903528488375102,2.946437119474285,4801.148112390897,1,adelante
9.679464707230688,1.6980498756261204,0.07626860161872351,0.13607896867736596,2.943981676011156,4769.5043447075295,1,adelante
9.803418415787748,0.8570633327955619,0.119198093804322,0.14265400184347327,2.9012329607208454,4848.2037983900955,1,adelante
9.99053082838998,0.6660566761697274,0.834253151991601,0.12475231476813917,2.677922312315191,5023.8381454590135,1,adelante
10.277705672151576,0.8512310648461795,0.1293636785018739,-0.19690810333055753,2.8767618824725516,5324.123247411143,1,adelante
10.407035061309273,0.593571519087963,-0.6489951249547068,0.33527524717382756,3.1672650459777447,5444.997514320422,1,adelante
10.218988841651372,0.4484442014068093,0.1556173944485284,0.6663215766101266,2.944583795119905,5243.8088573601035,1,adelante
10.143289655975746,0.47668183014690724,0.5750863224344496,0.6147168583070047,2.8857294883579434,5168.150343758574,1,adelante
10.504300082525221,0.8894159456233052,-0.641645673682417,0.4897028916472224,3.0271605994076447,5561.486808468132,1,adelante
10.345907258441994,1.1072149019562523,0.45683308747242624,0.8427285775563145,2.8521798667138594,5407.250595111948,1,adelante
10.165005253521509,1.6082014326004443,-0.30049187431954083,0.34428901714210125,2.9312808490373987,5246.776661836015,1,adelante
10.169246283038024,1.6499896814597088,-0.42783108201070696,0.30873994738286736,3.0119450917645008,5253.17798232712,1,adelante
10.046521146533525,1.7878720684422817,-0.5968180420671105,0.45977322468308957,2.9550014849784585,5136.022960809379,1,adelante
9.555500766993575,1.0723850067087337,2.0745992118404617,1.0913473231052662,2.487726841120585,4618.998995736175,1,adelante
9.440419658551699,1.4797207057192414,2.9037643864271088,1.330498606828579,2.5403928084641128,4530.062201764432,1,adelante
9.87157711496684,1.8550177362574798,0.49161602832513873,0.8243209051510385,2.7741771905586043,4965.152623649726,1,adelante
10.123935092669766,2.146612226347389,-0.5709159214870594,0.34603141460872866,2.9471606138505915,5232.03369934689,1,adelante
10.281337689628701,1.902381870844816,-0.18340693737423353,0.1844965585022136,2.948199984466863,5380.414327951224,1,adelante
10.463053681901988,1.6605402352227079,0.4055957345493062,-0.014147468512130149,2.7342353714032406,5556.801629279271,1,adelante
10.777806884642677,1.2009271659353844,0.5688208504228691,0.7945721922572702,2.651401196845228,5868.1024204293235,1,adelante
10.374918850726585,1.6858600169829734,1.5754749750442913,0.11341578774727377,2.5702644278329982,5466.2400588072405,1,adelante
10.041440696322024,1.6433551342880657,2.168379478114227,0.6808855561332327,2.551468632407804,5123.69431960201,1,adelante
9.862699106640907,1.9202928727623234,1.2813372545246287,0.7438613038864681,2.781350732774689,4959.656327044882,1,adelante
9.765103391950394,2.136528528638538,0.8272710148615268,0.7171321707282021,2.8509879077263527,4874.688639205981,1,adelante
9.754707802688644,1.758482259143147,-0.4868652692952917,0.11532834542211622,3.1118743401915028,4845.64032874889,1,adelante
10.034055232630259,1.3878939959909715,-0.6475003858224238,0.04248686538956713,3.066175367748102,5103.50792037328,1,adelante
10.118919220110635,1.2196731406695138,-0.0991136081293722,-0.13482030800322903,2.9766911164726086,5180.609966189696,1,adelante
10.467826312971347,0.908271719596278,1.481122175352243,-0.3133601197471021,2.6300802910451466,5524.182971906577,1,adelante
10.654406195586308,0.6467126038597252,-0.06520278893693243,0.9800875895842223,2.9840671497058042,5708.154199220381,1,adelante
10.474592371096616,0.49603389692228206,0.6445418094536075,1.073756196479349,2.8161989857439274,5510.6559618778865,1,adelante
10.336923880497658,0.5940576784275963,0.6146587269478285,0.9811311829146774,2.856574113609093,5372.302649481515,1,adelante
10.106411860333331,1.0906535799771848,0.8995165235942935,-0.1435884489871851,2.774982526545951,5161.510713533171,1,adelante
9.8091105285023,1.049030078054075,0.765626430987087,0.11723391685017186,2.7979771771174056,4863.383971921438,1,adelante
9.534849987256987,1.180654225409033,0.31954024092134503,-0.4261331630373034,2.9215417887706687,4604.700925245179,1,adelante
9.729881424620586,1.6358813930525244,-0.24839342633494432,-0.1552228910651631,3.019870039877097,4815.323696511461,1,adelante
9.886241767782911,1.7199977857923148,-0.3279806223099988,-0.4308456139878853,3.0819717958649964,4972.8887038423845,1,adelante
10.20159949926809,1.3446782169575187,0.8723954847900375,-0.921968677410517,2.7999196216929843,5270.865528021222,1,adelante
10.366439885439894,1.076219054765735,3.1833579971543724,-1.4128297531020564,2.523959354304484,5426.9647476602395,1,adelante
10.52604089033149,0.3429030355768575,0.8829008973127919,1.0320354051345715,2.762460840521007,5557.021993025371,1,adelante
10.341426040060371,0.14306500585390564,0.5257439742967307,0.551641082012589,2.6975549873395424,5354.407877394633,1,adelante
10.25986496313766,0.16601597601724602,0.6824680678523314,0.5417611971221438,2.7173333783099207,5271.542251891849,1,adelante
10.31129320170911,0.24661575765127147,1.149765887630946,0.74081768519564,2.7848218716527358,5328.469162463191,1,adelante
10.26363565742814,0.4568309352945096,2.5109430797553793,-0.8555202257163653,2.5546714709371936,5289.952392186245,1,adelante
10.079946022989368,0.7001855286319515,0.4770735013979821,-0.6009646374285516,2.907417969701919,5115.274867750556,1,adelante
10.001274301445653,1.2729893095910436,0.8793473960664544,0.35900717727882125,2.721734884013296,5064.9238481174125,1,adelante
9.743820843225183,1.4744764302653286,0.7217306118055378,0.5141799974035298,2.8645837951359057,4820.826052756742,1,adelante
9.74307965107986,2.0029987574385144,-0.1542885470301596,0.5602156870587403,3.098368177230398,4846.529992236248,1,adelante
9.921015020333622,2.0094079812599945,-0.4246485838286391,0.31341608297667856,3.1675852945977496,5021.797350747266,1,adelante
10.07043486745145,1.8391238997399642,-0.1926436713820947,0.13015632150383072,3.1241379012307933,5162.6391159660925,1,adelante
10.106958407191641,1.2089600668466824,0.4218835159200309,-0.33598242232668624,2.9263699855899525,5167.978415577422,1,adelante
10.31310352764885,0.7743299015871528,2.114814958218755,-0.2017002062617283,2.393340631909436,5356.721713679516,1,adelante
10.187281661561093,0.1693061274194509,0.24143942290024345,0.8205966929096119,2.930240738132693,5197.50068896992,1,adelante
10.163690472692375,0.30238412551364163,7.412488756790115,2.4334968797032066,2.1756823837466737,5180.149407510569,1,adelante
10.263839249766377,0.5622249405163214,3.6593403327028327,1.8801653748686509,2.4290852795053994,5295.431054278056,1,adelante
10.157831933836446,0.6967747321921732,2.3615292839687596,1.5487932509303104,2.635490544061416,5193.91621641298,1,adelante
10.032156795804417,1.0226129968713231,0.9555386512147699,0.7212819410200494,2.8175312976872426,5083.339148623802,1,adelante
9.872676421402891,1.1675151321652646,0.6780786089837325,0.8247930051470651,2.9423079168128345,4931.862742694493,1,adelante
9.795967993788285,0.9245055295800764,1.2844493113767168,0.7238006176931742,2.797922312291188,4844.274723245226,1,adelante
9.829082232965577,0.7686681121474362,-0.47470932216002604,-0.09086518694616041,3.0992356512790447,4868.976282727351,1,adelante
9.99416863128365,0.777578933186883,-0.2544036795573623,-0.5050497550025111,3.081303712237836,5033.049278186049,1,adelante
10.071233879445025,0.4912657686853207,-0.01002815703759774,-0.24968748964070217,3.0468899181285796,5096.0508811583295,1,adelante
10.240810182463282,0.2592954004512457,-0.16232563517102427,0.49912151840762164,2.93191451175796,5256.674429684742,1,adelante
10.204774630813079,0.22862510830185215,0.5242089877434348,0.8581834536035097,2.8961744999364,5218.302518699404,1,adelante
10.074410766212889,0.13283150439513597,2.2004578784630002,0.8109775691125825,2.6561328058427245,5081.329189539067,1,adelante
10.13271508823819,0.4651089336891059,6.285427671784843,2.246318462429591,2.089948551689037,5156.851199654949,1,adelante
10.293167220772112,0.5952985267308676,3.192076848769757,1.748531650407452,2.3700443558855526,5327.229498075416,1,adelante
10.243438314961754,0.8423960075525513,1.3666017528082186,0.9459133597598893,2.5979256139146574,5288.521225998952,1,adelante
10.14448538526966,1.036362677553929,0.5427321467205379,0.7021485411329089,2.8994737422468218,5197.3473204751845,1,adelante
10.10881738474445,1.1304294493855631,0.1925128867714343,0.632466941911876,3.0040524419790953,5165.93091837486,1,adelante
9.704631766747411,1.0583035901861175,0.18268884093891158,0.3408231036806148,2.846135210688598,4761.909065917454,1,adelante
9.847972597780313,1.9531522526250995,1.0317174694269564,1.0332548592274589,2.9283561952995565,4946.785826962851,1,adelante
10.003254768208686,1.9492093568908575,0.704663808584105,0.841048539620796,2.968325600842071,5100.715765729034,1,adelante
10.073593693076617,1.790982779804617,1.1110002730910722,0.8669128982150085,2.784030091378526,5163.41363364988,1,adelante
10.137487301242425,1.6855381156259606,1.4063064517065227,0.8435763796859381,2.583829073284976,5222.709344923869,1,adelante
10.424010894758085,1.4762748931285181,1.0425376307199965,1.0463528132483897,2.6454709679854953,5506.813901358189,1,adelante
10.266747308357912,0.8813938528199903,0.6617453255446923,0.9975608405129774,2.616694432555027,5314.374707324722,1,adelante
10.046012565277334,1.45930015290253,0.7313291229823076,0.7737530496551418,2.5554665383679245,5119.083430730631,1,adelante
10.098702083551558,1.689079016330671,0.08070986781031975,0.6616728001866584,2.819150177632401,5183.643139432961,1,adelante
9.941569260604867,1.977707442943389,-0.14556819490237904,0.6159959864091603,2.9149677899413486,5040.625340317349,1,adelante
9.780781354788646,1.9956013164165705,0.13408715158803108,0.4826563954731124,2.888101925632911,4882.96426132989,1,adelante
9.891440393750457,1.9865944505366084,-0.1688031639930596,0.1880363762703865,3.0022920445010044,4991.359375682742,1,adelante
10.096422007825016,1.3554669009119344,0.5192339166466238,-0.5438427256803936,2.6440524564780454,5164.660213050262,1,adelante
10.090037459309848,1.1243162653864982,1.2134702103196302,-0.9676681254494414,2.569024307852612,5146.6586097831205,1,adelante
10.208124576293486,0.835590686990707,2.858294166475104,-1.0473847826583953,2.441134945247735,5252.069902605889,1,adelante
10.385090439514286,0.7410186577101716,3.724408325560515,-0.8931594546811745,2.494518321788424,5429.55610473006,1,adelante
